Count of Points,Area in Square Kilometers,Population Count (100%),Housing Unit Count (100%),Total Population 2010,Population Density 2010,Total Area 2010 (square miles),2010 Housing Units:,2010 Occupied Units,2010 Vacant Units,% 2010 Occupied Units,% 2010 Vacant Units,White 2010,Black 2010,American Indian 2010,Asian 2010,Native Pacific Islander 2010,Other 2010,Multiracial 2010,% White 2010,% Black 2010,% American Indian 2010,% Asian 2010,% Native Pacific Islander 2010,% Other 2010,% Multiracial 2010,Non-Hispanic 2010,Hispanic 2010,% Non-Hispanic 2010,% Hispanic 2010,2010 Hispanic,2010 Non-Hispanic:,2010 White,2010 Black,2010 American Indian,2010 Asian,2010 Native Pacific Islander,2010 Other,2010 Multiracial,% 2010 Hispanic,% 2010 Non-Hispanic:,% 2010 White,% 2010 Black,% 2010 American Indian,% 2010 Asian,% 2010 Native Pacific Islander,% 2010 Other,% 2010 Multiracial,Population 18 Years and Over 2010:,White 18 Years and Over 2010,Black 18 Years and Over 2010,American Indian 18 Years and Over 2010,Asian 18 Years and Over 2010,Native Pacific Islander 18 Years and Over 2010,Other 18 Years and Over 2010,Multiracial 18 Years and Over 2010,% White 18 Years and Over 2010,% Black 18 Years and Over 2010,% American Indian 18 Years and Over 2010,% Asian 18 Years and Over 2010,% Native Pacific Islander 18 Years and Over 2010,% Other 18 Years and Over 2010,% Multiracial 18 Years and Over 2010,2010 Hispanic 18 Years and Over,2010 Non-Hispanic 18 Years and Over:,2010 Non-Hispanic White 18 Years and Over,2010 Non-Hispanic Black 18 Years and Over,2010 Non-Hispanic American Indian 18 Years and Over,2010 Non-Hispanic Asian 18 Years and Over,2010 Non-Hispanic Native Pacific Islander 18 Years and Over,2010 Non-Hispanic Other 18 Years and Over,2010 Non-Hispanic Multiracial 18 Years and Over,% 2010 Hispanic 18 Years and Over,% 2010 Non-Hispanic 18 Years and Over:,% 2010 Non-Hispanic White 18 Years and Over,% 2010 Non-Hispanic Black 18 Years and Over,% 2010 Non-Hispanic American Indian 18 Years and Over,% 2010 Non-Hispanic Asian 18 Years and Over,% 2010 Non-Hispanic Native Pacific Islander 18 Years and Over,% 2010 Non-Hispanic Other 18 Years and Over,% 2010 Non-Hispanic Multiracial 18 Years and Over,Crime Rate
62,1.79494116,4254,1707,4254,6138.2535,0.693,1707,1616,91,94.67,5.33,2748,300,6,469,0,513,218,64.6,7.05,0.14,11.02,0,12.06,5.12,3633,621,85.4,14.6,621,3633,2508,249,3,468,0,250,155,14.6,85.4,58.96,5.85,0.07,11,0,5.88,3.64,3675,2513,221,6,399,0,366,170,68.38,6.01,0.16,10.86,0,9.96,4.63,459,3216,2317,186,3,398,0,186,126,12.49,87.51,63.05,5.06,0.08,10.83,0,5.06,3.43,14.5745181
22,0.59937665,3854,1618,3854,16653.6205,0.2314,1618,1541,77,95.24,4.76,2918,276,8,327,2,209,114,75.71,7.16,0.21,8.48,0.05,5.42,2.96,3447,407,89.44,10.56,407,3447,2728,244,5,322,2,70,76,10.56,89.44,70.78,6.33,0.13,8.35,0.05,1.82,1.97,3415,2706,195,6,279,1,144,84,79.24,5.71,0.18,8.17,0.03,4.22,2.46,276,3139,2565,176,4,274,1,56,63,8.08,91.92,75.11,5.15,0.12,8.02,0.03,1.64,1.84,5.708354956
27,0.60163718,3885,1522,3885,16724.5422,0.2323,1522,1480,42,97.24,2.76,2620,330,17,527,1,270,120,67.44,8.49,0.44,13.56,0.03,6.95,3.09,3289,596,84.66,15.34,596,3289,2370,273,12,525,0,50,59,15.34,84.66,61,7.03,0.31,13.51,0,1.29,1.52,3229,2319,219,10,428,1,184,68,71.82,6.78,0.31,13.25,0.03,5.7,2.11,378,2851,2153,189,8,428,0,38,35,11.71,88.29,66.68,5.85,0.25,13.25,0,1.18,1.08,6.94980695
17,0.57230453,2740,1219,2740,12399.9307,0.221,1219,1159,60,95.08,4.92,2150,131,6,298,0,84,71,78.47,4.78,0.22,10.88,0,3.07,2.59,2550,190,93.07,6.93,190,2550,2050,124,0,295,0,24,57,6.93,93.07,74.82,4.53,0,10.77,0,0.88,2.08,2467,1987,111,3,253,0,69,44,80.54,4.5,0.12,10.26,0,2.8,1.78,152,2315,1906,106,0,250,0,18,35,6.16,93.84,77.26,4.3,0,10.13,0,0.73,1.42,6.204379562
36,0.63598762,3142,1346,3142,13795.4023,0.2458,1346,1276,70,94.8,5.2,2472,96,2,453,0,56,63,78.68,3.06,0.06,14.42,0,1.78,2.01,2913,229,92.71,7.29,229,2913,2295,89,2,449,0,30,48,7.29,92.71,73.04,2.83,0.06,14.29,0,0.95,1.53,2832,2266,76,1,399,0,46,44,80.01,2.68,0.04,14.09,0,1.62,1.55,176,2656,2130,72,1,396,0,24,33,6.21,93.79,75.21,2.54,0.04,13.98,0,0.85,1.17,11.45767027
27,0.43104264,5672,2965,5672,34081.0822,0.1664,2965,2877,88,97.03,2.97,4244,144,6,1032,1,117,128,74.82,2.54,0.11,18.19,0.02,2.06,2.26,5385,287,94.94,5.06,287,5385,4089,132,2,1032,1,30,99,5.06,94.94,72.09,2.33,0.04,18.19,0.02,0.53,1.75,5268,3973,136,4,951,1,103,100,75.42,2.58,0.08,18.05,0.02,1.96,1.9,244,5024,3837,125,2,951,1,26,82,4.63,95.37,72.84,2.37,0.04,18.05,0.02,0.49,1.56,4.76022567
29,0.80676457,3648,1543,3648,11711.3115,0.3115,1543,1461,82,94.69,5.31,2863,72,0,544,2,73,94,78.48,1.97,0,14.91,0.05,2,2.58,3459,189,94.82,5.18,189,3459,2734,69,0,543,2,28,83,5.18,94.82,74.95,1.89,0,14.88,0.05,0.77,2.28,3282,2580,72,0,485,2,62,81,78.61,2.19,0,14.78,0.06,1.89,2.47,168,3114,2464,69,0,484,2,23,72,5.12,94.88,75.08,2.1,0,14.75,0.06,0.7,2.19,7.949561404
19,1.19842482,6303,2041,6303,18896.7499,0.4625,2041,1872,169,91.72,8.28,5026,286,8,707,2,107,167,79.74,4.54,0.13,11.22,0.03,1.7,2.65,5857,446,92.92,7.08,446,5857,4719,268,6,704,2,16,142,7.08,92.92,74.87,4.25,0.1,11.17,0.03,0.25,2.25,6218,4969,284,8,689,2,107,159,79.91,4.57,0.13,11.08,0.03,1.72,2.56,442,5776,4665,267,6,686,2,16,134,7.11,92.89,75.02,4.29,0.1,11.03,0.03,0.26,2.16,3.014437569
9,0.13915489,2211,1408,2211,41151.3946,0.0537,1408,1341,67,95.24,4.76,1798,57,3,265,0,37,51,81.32,2.58,0.14,11.99,0,1.67,2.31,2115,96,95.66,4.34,96,2115,1739,55,2,264,0,11,44,4.34,95.66,78.65,2.49,0.09,11.94,0,0.5,1.99,2157,1768,56,3,250,0,33,47,81.97,2.6,0.14,11.59,0,1.53,2.18,90,2067,1710,54,2,249,0,11,41,4.17,95.83,79.28,2.5,0.09,11.54,0,0.51,1.9,4.070556309
34,0.33318826,4985,2726,4985,38750.2819,0.1286,2726,2637,89,96.74,3.26,4057,191,5,541,3,83,105,81.38,3.83,0.1,10.85,0.06,1.66,2.11,4667,318,93.62,6.38,318,4667,3862,168,4,537,3,11,82,6.38,93.62,77.47,3.37,0.08,10.77,0.06,0.22,1.64,4825,3967,182,5,500,3,73,95,82.22,3.77,0.1,10.36,0.06,1.51,1.97,294,4531,3783,161,4,496,3,11,73,6.09,93.91,78.4,3.34,0.08,10.28,0.06,0.23,1.51,6.820461384
36,0.4950438,3571,1525,3571,18682.879,0.1911,1525,1450,75,95.08,4.92,2645,94,2,541,0,189,100,74.07,2.63,0.06,15.15,0,5.29,2.8,3283,288,91.94,8.06,288,3283,2480,82,2,540,0,94,85,8.06,91.94,69.45,2.3,0.06,15.12,0,2.63,2.38,3276,2468,88,2,479,0,162,77,75.34,2.69,0.06,14.62,0,4.95,2.35,247,3029,2323,76,2,478,0,84,66,7.54,92.46,70.91,2.32,0.06,14.59,0,2.56,2.01,10.08120975
48,0.5997763,3974,2035,3974,17160.7319,0.2316,2035,1968,67,96.71,3.29,2401,476,14,637,3,287,156,60.42,11.98,0.35,16.03,0.08,7.22,3.93,3333,641,83.87,16.13,641,3333,2137,424,3,635,2,28,104,16.13,83.87,53.77,10.67,0.08,15.98,0.05,0.7,2.62,3498,2263,336,13,572,2,192,120,64.69,9.61,0.37,16.35,0.06,5.49,3.43,440,3058,2066,304,3,570,2,26,87,12.58,87.42,59.06,8.69,0.09,16.3,0.06,0.74,2.49,12.07851032
33,0.23043423,4446,2359,4446,49971.5173,0.089,2359,2294,65,97.24,2.76,3226,198,8,730,4,151,129,72.56,4.45,0.18,16.42,0.09,3.4,2.9,4113,333,92.51,7.49,333,4113,3050,179,4,728,4,42,106,7.49,92.51,68.6,4.03,0.09,16.37,0.09,0.94,2.38,4274,3138,180,8,675,4,144,125,73.42,4.21,0.19,15.79,0.09,3.37,2.92,305,3969,2979,165,4,673,4,41,103,7.14,92.86,69.7,3.86,0.09,15.75,0.09,0.96,2.41,7.422402159
85,0.17802038,2791,1418,2791,40605.8674,0.0687,1418,1395,23,98.38,1.62,1821,93,3,672,1,99,102,65.25,3.33,0.11,24.08,0.04,3.55,3.65,2609,182,93.48,6.52,182,2609,1708,85,3,662,1,57,93,6.52,93.48,61.2,3.05,0.11,23.72,0.04,2.04,3.33,2733,1794,93,3,656,1,92,94,65.64,3.4,0.11,24,0.04,3.37,3.44,180,2553,1681,85,3,647,1,50,86,6.59,93.41,61.51,3.11,0.11,23.67,0.04,1.83,3.15,30.45503404
67,0.23978377,4801,2405,4801,51857.8719,0.0926,2405,2350,55,97.71,2.29,3209,317,13,879,5,229,149,66.84,6.6,0.27,18.31,0.1,4.77,3.1,4226,575,88.02,11.98,575,4226,2873,288,3,874,4,73,111,11.98,88.02,59.84,6,0.06,18.2,0.08,1.52,2.31,4558,3128,279,9,814,5,199,124,68.63,6.12,0.2,17.86,0.11,4.37,2.72,496,4062,2829,253,3,809,4,64,100,10.88,89.12,62.07,5.55,0.07,17.75,0.09,1.4,2.19,13.95542595
86,0.97747624,8136,3129,8136,21557.7302,0.3774,3129,3011,118,96.23,3.77,4965,359,22,1572,3,846,369,61.03,4.41,0.27,19.32,0.04,10.4,4.54,6670,1466,81.98,18.02,1466,6670,4292,318,6,1565,3,250,236,18.02,81.98,52.75,3.91,0.07,19.24,0.04,3.07,2.9,7465,4696,308,20,1424,3,705,309,62.91,4.13,0.27,19.08,0.04,9.44,4.14,1201,6264,4137,273,6,1417,3,223,205,16.09,83.91,55.42,3.66,0.08,18.98,0.04,2.99,2.75,10.57030482
20,1.1581896,6584,946,6584,14723.3755,0.4472,946,882,64,93.23,6.77,4333,405,10,1415,1,133,287,65.81,6.15,0.15,21.49,0.02,2.02,4.36,6008,576,91.25,8.75,576,6008,3935,384,8,1400,1,25,255,8.75,91.25,59.77,5.83,0.12,21.26,0.02,0.38,3.87,6395,4263,381,8,1366,1,119,257,66.66,5.96,0.13,21.36,0.02,1.86,4.02,541,5854,3875,363,6,1355,1,20,234,8.46,91.54,60.59,5.68,0.09,21.19,0.02,0.31,3.66,3.037667072
5,0.27303306,4569,528,4569,43341.6419,0.1054,528,490,38,92.8,7.2,2800,148,5,1338,0,85,193,61.28,3.24,0.11,29.28,0,1.86,4.22,4222,347,92.41,7.59,347,4222,2574,130,4,1328,0,21,165,7.59,92.41,56.34,2.85,0.09,29.07,0,0.46,3.61,4550,2794,145,5,1330,0,85,191,61.41,3.19,0.11,29.23,0,1.87,4.2,347,4203,2568,127,4,1320,0,21,163,7.63,92.37,56.44,2.79,0.09,29.01,0,0.46,3.58,1.094331364
45,0.28673469,4804,2136,4804,44539.5532,0.1109,2136,1916,220,89.7,10.3,3439,129,10,974,0,86,166,71.59,2.69,0.21,20.27,0,1.79,3.46,4395,409,91.49,8.51,409,4395,3140,128,8,967,0,14,138,8.51,91.49,65.36,2.66,0.17,20.13,0,0.29,2.87,4701,3355,129,10,962,0,83,162,71.37,2.74,0.21,20.46,0,1.77,3.45,397,4304,3065,128,8,955,0,14,134,8.45,91.55,65.2,2.72,0.17,20.31,0,0.3,2.85,9.367194005
249,0.36629222,5569,3663,5569,39505.3578,0.141,3663,3499,164,95.52,4.48,3952,298,15,923,5,166,210,70.96,5.35,0.27,16.57,0.09,2.98,3.77,5000,569,89.78,10.22,569,5000,3605,278,11,916,4,21,165,10.22,89.78,64.73,4.99,0.2,16.45,0.07,0.38,2.96,5400,3866,259,15,899,5,157,199,71.59,4.8,0.28,16.65,0.09,2.91,3.69,525,4875,3550,241,11,893,4,20,156,9.72,90.28,65.74,4.46,0.2,16.54,0.07,0.37,2.89,44.71179745
48,0.25471086,3173,1283,3173,32264.7756,0.0983,1283,1188,95,92.6,7.4,2248,93,4,672,1,51,104,70.85,2.93,0.13,21.18,0.03,1.61,3.28,2995,178,94.39,5.61,178,2995,2134,90,3,669,0,7,92,5.61,94.39,67.25,2.84,0.09,21.08,0,0.22,2.9,3142,2229,91,4,662,1,51,104,70.94,2.9,0.13,21.07,0.03,1.62,3.31,176,2966,2117,88,3,659,0,7,92,5.6,94.4,67.38,2.8,0.1,20.97,0,0.22,2.93,15.12763946
21,0.5092091,4861,416,4861,24724.5363,0.1966,416,395,21,94.95,5.05,3558,413,6,484,5,234,161,73.19,8.5,0.12,9.96,0.1,4.81,3.31,4404,457,90.6,9.4,457,4404,3381,377,3,477,4,19,143,9.4,90.6,69.55,7.76,0.06,9.81,0.08,0.39,2.94,4727,3520,380,6,481,5,182,153,74.47,8.04,0.13,10.18,0.11,3.85,3.24,388,4339,3359,345,3,474,4,19,135,8.21,91.79,71.06,7.3,0.06,10.03,0.08,0.4,2.86,4.320098745
67,0.0885564,3003,2076,3003,87828.4245,0.0342,2076,2025,51,97.54,2.46,1830,317,10,632,0,105,109,60.94,10.56,0.33,21.05,0,3.5,3.63,2710,293,90.24,9.76,293,2710,1686,295,10,628,0,10,81,9.76,90.24,56.14,9.82,0.33,20.91,0,0.33,2.7,2898,1792,288,10,615,0,93,100,61.84,9.94,0.35,21.22,0,3.21,3.45,262,2636,1657,273,10,612,0,10,74,9.04,90.96,57.18,9.42,0.35,21.12,0,0.35,2.55,22.31102231
26,0.13682904,5817,1862,5817,110107.9464,0.0528,1862,1810,52,97.21,2.79,4308,269,10,943,5,116,166,74.06,4.62,0.17,16.21,0.09,1.99,2.85,5431,386,93.36,6.64,386,5431,4068,259,4,936,4,23,137,6.64,93.36,69.93,4.45,0.07,16.09,0.07,0.4,2.36,5733,4277,245,6,931,5,112,157,74.6,4.27,0.1,16.24,0.09,1.95,2.74,363,5370,4048,238,4,924,4,23,129,6.33,93.67,70.61,4.15,0.07,16.12,0.07,0.4,2.25,4.469657899
82,0.36370054,5522,994,5522,39323.1649,0.1404,994,966,28,97.18,2.82,4000,471,18,719,2,131,181,72.44,8.53,0.33,13.02,0.04,2.37,3.28,5087,435,92.12,7.88,435,5087,3767,426,10,717,2,15,150,7.88,92.12,68.22,7.71,0.18,12.98,0.04,0.27,2.72,5402,3970,420,13,709,2,118,170,73.49,7.77,0.24,13.12,0.04,2.18,3.15,383,5019,3754,390,9,708,2,15,141,7.09,92.91,69.49,7.22,0.17,13.11,0.04,0.28,2.61,14.84969214
40,0.04338082,1426,961,1426,85136.8776,0.0167,961,943,18,98.13,1.87,1098,55,2,207,1,33,30,77,3.86,0.14,14.52,0.07,2.31,2.1,1293,133,90.67,9.33,133,1293,1014,50,2,206,1,1,19,9.33,90.67,71.11,3.51,0.14,14.45,0.07,0.07,1.33,1380,1081,39,2,202,1,28,27,78.33,2.83,0.14,14.64,0.07,2.03,1.96,115,1265,1008,35,2,201,1,1,17,8.33,91.67,73.04,2.54,0.14,14.57,0.07,0.07,1.23,28.05049088
103,0.19860868,3044,1767,3044,41817.2069,0.0768,1767,1655,112,93.66,6.34,2163,322,5,405,1,73,75,71.06,10.58,0.16,13.3,0.03,2.4,2.46,2753,291,90.44,9.56,291,2753,1970,308,4,405,1,12,53,9.56,90.44,64.72,10.12,0.13,13.3,0.03,0.39,1.74,2929,2099,288,5,398,1,65,73,71.66,9.83,0.17,13.59,0.03,2.22,2.49,261,2668,1923,278,4,398,1,12,52,8.91,91.09,65.65,9.49,0.14,13.59,0.03,0.41,1.78,33.8370565
657,0.33950613,2858,2325,2858,21802.8768,0.1311,2325,1854,471,79.74,20.26,2275,141,3,362,0,33,44,79.6,4.93,0.1,12.67,0,1.15,1.54,2702,156,94.54,5.46,156,2702,2159,134,2,361,0,6,40,5.46,94.54,75.54,4.69,0.07,12.63,0,0.21,1.4,2679,2126,139,3,346,0,29,36,79.36,5.19,0.11,12.92,0,1.08,1.34,143,2536,2019,133,2,345,0,4,33,5.34,94.66,75.36,4.96,0.07,12.88,0,0.15,1.23,229.8810357
183,0.20231588,2478,1599,2478,31722.4468,0.0781,1599,1396,203,87.3,12.7,2105,61,2,215,0,36,59,84.95,2.46,0.08,8.68,0,1.45,2.38,2342,136,94.51,5.49,136,2342,2009,57,2,211,0,14,49,5.49,94.51,81.07,2.3,0.08,8.51,0,0.56,1.98,2367,2002,61,2,209,0,35,58,84.58,2.58,0.08,8.83,0,1.48,2.45,135,2232,1907,57,2,205,0,13,48,5.7,94.3,80.57,2.41,0.08,8.66,0,0.55,2.03,73.84987893
351,0.29998407,2400,1643,2400,20721.2163,0.1158,1643,1402,241,85.33,14.67,2144,59,2,124,1,26,44,89.33,2.46,0.08,5.17,0.04,1.08,1.83,2298,102,95.75,4.25,102,2298,2080,53,2,122,1,3,37,4.25,95.75,86.67,2.21,0.08,5.08,0.04,0.12,1.54,2235,1999,59,2,117,1,26,31,89.44,2.64,0.09,5.23,0.04,1.16,1.39,99,2136,1936,53,2,117,1,3,24,4.43,95.57,86.62,2.37,0.09,5.23,0.04,0.13,1.07,146.25
17,0.12790537,2783,1899,2783,56353.8298,0.0494,1899,1651,248,86.94,13.06,2440,72,3,186,0,22,60,87.68,2.59,0.11,6.68,0,0.79,2.16,2644,139,95.01,4.99,139,2644,2336,62,3,186,0,5,52,4.99,95.01,83.94,2.23,0.11,6.68,0,0.18,1.87,2608,2294,72,3,172,0,21,46,87.96,2.76,0.12,6.6,0,0.81,1.76,131,2477,2196,62,3,172,0,4,40,5.02,94.98,84.2,2.38,0.12,6.6,0,0.15,1.53,6.10851599
16,0.15546816,3059,2106,3059,50961.1255,0.06,2106,1871,235,88.84,11.16,2630,50,0,279,0,34,66,85.98,1.63,0,9.12,0,1.11,2.16,2940,119,96.11,3.89,119,2940,2542,47,0,277,0,15,59,3.89,96.11,83.1,1.54,0,9.06,0,0.49,1.93,2854,2455,50,0,267,0,31,51,86.02,1.75,0,9.36,0,1.09,1.79,113,2741,2371,47,0,265,0,12,46,3.96,96.04,83.08,1.65,0,9.29,0,0.42,1.61,5.230467473
52,0.22313971,4193,2814,4193,48667.7527,0.0862,2814,2473,341,87.88,12.12,3896,29,1,187,1,31,48,92.92,0.69,0.02,4.46,0.02,0.74,1.14,4054,139,96.68,3.32,139,4054,3782,26,1,186,1,19,39,3.32,96.68,90.2,0.62,0.02,4.44,0.02,0.45,0.93,3729,3472,28,1,172,1,21,34,93.11,0.75,0.03,4.61,0.03,0.56,0.91,116,3613,3378,25,1,171,1,11,26,3.11,96.89,90.59,0.67,0.03,4.59,0.03,0.29,0.7,12.40162175
45,0.11689091,3649,2478,3649,80850.5746,0.0451,2478,2302,176,92.9,7.1,3160,127,3,239,0,46,74,86.6,3.48,0.08,6.55,0,1.26,2.03,3475,174,95.23,4.77,174,3475,3039,121,3,236,0,10,66,4.77,95.23,83.28,3.32,0.08,6.47,0,0.27,1.81,3494,3051,103,2,232,0,40,66,87.32,2.95,0.06,6.64,0,1.14,1.89,163,3331,2933,99,2,230,0,8,59,4.67,95.33,83.94,2.83,0.06,6.58,0,0.23,1.69,12.33214579
61,0.25658907,2023,1414,2023,20446.3694,0.0989,1414,1250,164,88.4,11.6,1485,54,2,417,0,23,42,73.41,2.67,0.1,20.61,0,1.14,2.08,1915,108,94.66,5.34,108,1915,1403,51,2,416,0,4,39,5.34,94.66,69.35,2.52,0.1,20.56,0,0.2,1.93,1906,1410,53,2,390,0,23,28,73.98,2.78,0.1,20.46,0,1.21,1.47,98,1808,1338,50,2,389,0,4,25,5.14,94.86,70.2,2.62,0.1,20.41,0,0.21,1.31,30.15323777
18,0.07678032,1181,721,1181,39837.1471,0.0296,721,675,46,93.62,6.38,1060,31,2,60,0,12,16,89.75,2.62,0.17,5.08,0,1.02,1.35,1120,61,94.83,5.17,61,1120,1011,31,1,60,0,3,14,5.17,94.83,85.61,2.62,0.08,5.08,0,0.25,1.19,1124,1005,31,2,58,0,12,16,89.41,2.76,0.18,5.16,0,1.07,1.42,51,1073,966,31,1,58,0,3,14,4.54,95.46,85.94,2.76,0.09,5.16,0,0.27,1.25,15.24132091
114,0.52760034,3400,1847,3400,19619.3726,0.2033,1847,1632,215,88.36,11.64,2364,575,6,331,1,43,80,69.53,16.91,0.18,9.74,0.03,1.26,2.35,3027,373,89.03,10.97,373,3027,2047,564,6,329,1,8,72,10.97,89.03,60.21,16.59,0.18,9.68,0.03,0.24,2.12,3172,2235,539,6,303,1,34,54,70.46,16.99,0.19,9.55,0.03,1.07,1.7,348,2824,1933,530,6,301,1,6,47,10.97,89.03,60.94,16.71,0.19,9.49,0.03,0.19,1.48,33.52941176
8,0.0763459,1954,1377,1954,66288.169,0.0295,1377,1276,101,92.67,7.33,1868,20,0,31,2,20,13,95.6,1.02,0,1.59,0.1,1.02,0.67,1886,68,96.52,3.48,68,1886,1818,19,0,30,2,5,12,3.48,96.52,93.04,0.97,0,1.54,0.1,0.26,0.61,1892,1811,20,0,31,2,19,9,95.72,1.06,0,1.64,0.11,1,0.48,61,1831,1766,19,0,30,2,5,9,3.22,96.78,93.34,1,0,1.59,0.11,0.26,0.48,4.094165814
30,0.06671202,1665,1103,1665,64641.9634,0.0258,1103,1044,59,94.65,5.35,1580,8,7,37,1,10,22,94.89,0.48,0.42,2.22,0.06,0.6,1.32,1596,69,95.86,4.14,69,1596,1523,8,6,36,1,6,16,4.14,95.86,91.47,0.48,0.36,2.16,0.06,0.36,0.96,1597,1516,8,7,36,1,8,21,94.93,0.5,0.44,2.25,0.06,0.5,1.31,60,1537,1468,8,6,35,1,4,15,3.76,96.24,91.92,0.5,0.38,2.19,0.06,0.25,0.94,18.01801802
579,0.92587482,4872,2960,4872,18251.1445,0.3579,2960,2468,492,83.38,16.62,4141,265,14,286,1,74,91,85,5.44,0.29,5.87,0.02,1.52,1.87,4633,239,95.09,4.91,239,4633,3988,250,12,286,1,18,78,4.91,95.09,81.86,5.13,0.25,5.87,0.02,0.37,1.6,4604,3933,252,13,268,1,65,72,85.43,5.47,0.28,5.82,0.02,1.41,1.56,215,4389,3793,237,11,268,1,16,63,4.67,95.33,82.38,5.15,0.24,5.82,0.02,0.35,1.37,118.8423645
42,0.10863196,2451,1659,2451,58434.764,0.0419,1659,1513,146,91.2,8.8,2311,14,6,74,0,22,24,94.29,0.57,0.24,3.02,0,0.9,0.98,2373,78,96.82,3.18,78,2373,2253,13,5,74,0,6,22,3.18,96.82,91.92,0.53,0.2,3.02,0,0.24,0.9,2345,2217,13,6,69,0,20,20,94.54,0.55,0.26,2.94,0,0.85,0.85,71,2274,2164,12,5,69,0,6,18,3.03,96.97,92.28,0.51,0.21,2.94,0,0.26,0.77,17.13586291
13,0.48342014,2538,1656,2538,34463.6486,0.1866,1656,1457,199,87.98,12.02,2362,16,0,108,0,26,26,93.07,0.63,0,4.26,0,1.02,1.02,2445,93,96.34,3.66,93,2445,2294,13,0,107,0,7,24,3.66,96.34,90.39,0.51,0,4.22,0,0.28,0.95,2425,2262,16,0,99,0,24,24,93.28,0.66,0,4.08,0,0.99,0.99,90,2335,2197,13,0,98,0,5,22,3.71,96.29,90.6,0.54,0,4.04,0,0.21,0.91,5.12214342
19,0.32421333,2168,1239,2168,21651.3933,0.1251,1239,1188,51,95.88,4.12,2077,12,3,46,0,13,17,95.8,0.55,0.14,2.12,0,0.6,0.78,2127,41,98.11,1.89,41,2127,2052,11,2,46,0,1,15,1.89,98.11,94.65,0.51,0.09,2.12,0,0.05,0.69,1931,1850,12,2,43,0,11,13,95.81,0.62,0.1,2.23,0,0.57,0.67,34,1897,1828,11,2,43,0,1,12,1.76,98.24,94.67,0.57,0.1,2.23,0,0.05,0.62,8.763837638
20,0.14357207,1606,727,1606,28972.2762,0.0554,727,663,64,91.2,8.8,1008,278,5,130,0,146,39,62.76,17.31,0.31,8.09,0,9.09,2.43,1255,351,78.14,21.86,351,1255,861,224,2,130,0,15,23,21.86,78.14,53.61,13.95,0.12,8.09,0,0.93,1.43,1173,799,161,4,96,0,96,17,68.12,13.73,0.34,8.18,0,8.18,1.45,190,983,729,137,1,96,0,9,11,16.2,83.8,62.15,11.68,0.09,8.18,0,0.77,0.94,12.45330012
32,0.28009845,3882,2037,3882,35895.7701,0.1081,2037,1894,143,92.98,7.02,3301,183,8,149,1,142,98,85.03,4.71,0.21,3.84,0.03,3.66,2.52,3498,384,90.11,9.89,384,3498,3169,138,1,146,0,1,43,9.89,90.11,81.63,3.55,0.03,3.76,0,0.03,1.11,3239,2863,112,6,121,1,79,57,88.39,3.46,0.19,3.74,0.03,2.44,1.76,226,3013,2782,82,1,118,0,1,29,6.98,93.02,85.89,2.53,0.03,3.64,0,0.03,0.9,8.243173622
30,0.45842653,2439,1222,2439,14695.9844,0.177,1222,1174,48,96.07,3.93,2070,67,5,204,1,47,45,84.87,2.75,0.21,8.36,0.04,1.93,1.85,2295,144,94.1,5.9,144,2295,2002,50,4,203,1,5,30,5.9,94.1,82.08,2.05,0.16,8.32,0.04,0.21,1.23,2036,1768,40,3,168,1,31,25,86.84,1.96,0.15,8.25,0.05,1.52,1.23,86,1950,1731,33,2,167,1,1,15,4.22,95.78,85.02,1.62,0.1,8.2,0.05,0.05,0.74,12.300123
17,1.84762231,2444,1334,2444,4436.1449,0.7129,1334,1238,96,92.8,7.2,2284,38,0,89,1,9,23,93.45,1.55,0,3.64,0.04,0.37,0.94,2386,58,97.63,2.37,58,2386,2235,36,0,89,1,5,20,2.37,97.63,91.45,1.47,0,3.64,0.04,0.2,0.82,2204,2072,31,0,80,1,8,12,94.01,1.41,0,3.63,0.05,0.36,0.54,48,2156,2031,30,0,80,1,4,10,2.18,97.82,92.15,1.36,0,3.63,0.05,0.18,0.45,6.955810147
35,1.7049347,3900,2089,3900,10605.4547,0.6587,2089,1876,213,89.8,10.2,2424,371,14,721,8,239,123,62.15,9.51,0.36,18.49,0.21,6.13,3.15,3287,613,84.28,15.72,613,3287,2139,305,9,720,8,35,71,15.72,84.28,54.85,7.82,0.23,18.46,0.21,0.9,1.82,3171,2141,233,7,561,7,143,79,67.52,7.35,0.22,17.69,0.22,4.51,2.49,389,2782,1955,197,4,560,7,17,42,12.27,87.73,61.65,6.21,0.13,17.66,0.22,0.54,1.32,8.974358974
38,0.48428792,5115,1850,5115,44192.882,0.1867,1850,1713,137,92.59,7.41,2984,208,31,293,0,1295,304,58.34,4.07,0.61,5.73,0,25.32,5.94,1975,3140,38.61,61.39,3140,1975,1428,132,11,287,0,29,88,61.39,38.61,27.92,2.58,0.22,5.61,0,0.57,1.72,3785,2264,157,22,224,0,928,190,59.82,4.15,0.58,5.92,0,24.52,5.02,2138,1647,1243,102,7,221,0,21,53,56.49,43.51,32.84,2.69,0.18,5.84,0,0.55,1.4,7.42913001
87,0.24326995,5231,1834,5231,55691.6835,0.0939,1834,1695,139,92.42,7.58,3013,200,22,129,2,1518,347,57.6,3.82,0.42,2.47,0.04,29.02,6.63,1804,3427,34.49,65.51,3427,1804,1353,135,8,129,1,96,82,65.51,34.49,25.87,2.58,0.15,2.47,0.02,1.84,1.57,3899,2250,141,15,100,2,1153,238,57.71,3.62,0.38,2.56,0.05,29.57,6.1,2426,1473,1122,102,5,100,1,87,56,62.22,37.78,28.78,2.62,0.13,2.56,0.03,2.23,1.44,16.63161919
44,0.71942809,2251,1041,2251,16407.553,0.2782,1041,973,68,93.47,6.53,1066,312,15,237,0,464,157,47.36,13.86,0.67,10.53,0,20.61,6.97,1223,1028,54.33,45.67,1028,1223,650,231,4,236,0,40,62,45.67,54.33,28.88,10.26,0.18,10.48,0,1.78,2.75,1734,895,212,9,190,0,314,114,51.61,12.23,0.52,10.96,0,18.11,6.57,693,1041,596,167,2,189,0,36,51,39.97,60.03,34.37,9.63,0.12,10.9,0,2.08,2.94,19.54686806
18,0.13197888,2372,1035,2372,46548.705,0.051,1035,967,68,93.43,6.57,1639,90,9,67,0,458,109,69.1,3.79,0.38,2.82,0,19.31,4.6,1168,1204,49.24,50.76,1204,1168,935,66,5,63,0,52,47,50.76,49.24,39.42,2.78,0.21,2.66,0,2.19,1.98,1961,1383,78,7,49,0,357,87,70.53,3.98,0.36,2.5,0,18.2,4.44,943,1018,830,58,4,48,0,43,35,48.09,51.91,42.33,2.96,0.2,2.45,0,2.19,1.78,7.588532884
10,0.11477355,1857,702,1857,41905.3934,0.0443,702,659,43,93.87,6.13,1309,60,0,50,0,341,97,70.49,3.23,0,2.69,0,18.36,5.22,861,996,46.37,53.63,996,861,710,29,0,48,0,43,31,53.63,46.37,38.23,1.56,0,2.58,0,2.32,1.67,1481,1051,49,0,39,0,269,73,70.97,3.31,0,2.63,0,18.16,4.93,744,737,604,29,0,39,0,39,26,50.24,49.76,40.78,1.96,0,2.63,0,2.63,1.76,5.385029618
29,0.16922806,2063,806,2063,31573.4611,0.0653,806,746,60,92.56,7.44,1278,57,8,46,1,522,151,61.95,2.76,0.39,2.23,0.05,25.3,7.32,689,1374,33.4,66.6,1374,689,523,40,5,45,0,44,32,66.6,33.4,25.35,1.94,0.24,2.18,0,2.13,1.55,1632,1020,47,7,33,1,411,113,62.5,2.88,0.43,2.02,0.06,25.18,6.92,1053,579,442,32,5,33,0,39,28,64.52,35.48,27.08,1.96,0.31,2.02,0,2.39,1.72,14.05719825
32,0.27172527,4504,1606,4504,42930.2423,0.1049,1606,1455,151,90.6,9.4,2451,124,34,88,7,1571,229,54.42,2.75,0.75,1.95,0.16,34.88,5.08,1598,2906,35.48,64.52,2906,1598,1225,82,5,86,0,154,46,64.52,35.48,27.2,1.82,0.11,1.91,0,3.42,1.02,3493,1935,98,31,68,4,1182,175,55.4,2.81,0.89,1.95,0.11,33.84,5.01,2141,1352,1053,66,5,68,0,124,36,61.29,38.71,30.15,1.89,0.14,1.95,0,3.55,1.03,7.104795737
36,0.80907532,4165,1446,4165,17542.2649,0.3124,1446,1324,122,91.56,8.44,2772,99,19,93,0,981,201,66.55,2.38,0.46,2.23,0,23.55,4.83,1461,2704,35.08,64.92,2704,1461,1215,70,3,86,0,50,37,64.92,35.08,29.17,1.68,0.07,2.06,0,1.2,0.89,3167,2133,82,15,79,0,727,131,67.35,2.59,0.47,2.49,0,22.96,4.14,1928,1239,1039,60,1,74,0,40,25,60.88,39.12,32.81,1.89,0.03,2.34,0,1.26,0.79,8.643457383
15,1.25445872,4089,1784,4089,10141.157,0.4842,1784,1670,114,93.61,6.39,3135,141,26,125,2,535,125,76.67,3.45,0.64,3.06,0.05,13.08,3.06,2517,1572,61.56,38.44,1572,2517,2216,98,7,121,1,27,47,38.44,61.56,54.19,2.4,0.17,2.96,0.02,0.66,1.15,3251,2565,96,17,103,2,382,86,78.9,2.95,0.52,3.17,0.06,11.75,2.65,1088,2163,1934,71,3,99,1,21,34,33.47,66.53,59.49,2.18,0.09,3.05,0.03,0.65,1.05,3.668378577
30,1.78261987,6093,2345,6093,13611.1051,0.6886,2345,2190,155,93.39,6.61,4425,420,35,233,1,739,240,72.62,6.89,0.57,3.82,0.02,12.13,3.94,3918,2175,64.3,35.7,2175,3918,3189,328,13,228,1,70,89,35.7,64.3,52.34,5.38,0.21,3.74,0.02,1.15,1.46,4748,3601,263,17,169,1,551,146,75.84,5.54,0.36,3.56,0.02,11.6,3.07,1555,3193,2712,206,10,168,1,51,45,32.75,67.25,57.12,4.34,0.21,3.54,0.02,1.07,0.95,4.923682915
17,0.90820425,2379,1160,2379,14951.7383,0.3511,1160,1023,137,88.19,11.81,1856,88,8,57,5,277,88,78.02,3.7,0.34,2.4,0.21,11.64,3.7,1557,822,65.45,34.55,822,1557,1349,59,4,52,0,50,43,34.55,65.45,56.7,2.48,0.17,2.19,0,2.1,1.81,1979,1575,63,8,49,4,212,68,79.59,3.18,0.4,2.48,0.2,10.71,3.44,617,1362,1198,45,4,45,0,39,31,31.18,68.82,60.54,2.27,0.2,2.27,0,1.97,1.57,7.145859605
25,0.29562186,3216,1684,3216,28175.7556,0.1141,1684,1575,109,93.53,6.47,3146,20,4,14,2,10,20,97.82,0.62,0.12,0.44,0.06,0.31,0.62,3172,44,98.63,1.37,44,3172,3115,18,4,14,1,1,19,1.37,98.63,96.86,0.56,0.12,0.44,0.03,0.03,0.59,2915,2858,20,4,11,2,7,13,98.04,0.69,0.14,0.38,0.07,0.24,0.45,33,2882,2835,18,4,11,1,1,12,1.13,98.87,97.26,0.62,0.14,0.38,0.03,0.03,0.41,7.773631841
6,0.17038558,1916,999,1916,29124.5584,0.0658,999,927,72,92.79,7.21,1894,3,0,8,0,2,9,98.85,0.16,0,0.42,0,0.1,0.47,1903,13,99.32,0.68,13,1903,1884,3,0,7,0,0,9,0.68,99.32,98.33,0.16,0,0.37,0,0,0.47,1712,1692,2,0,8,0,2,8,98.83,0.12,0,0.47,0,0.12,0.47,13,1699,1682,2,0,7,0,0,8,0.76,99.24,98.25,0.12,0,0.41,0,0,0.47,3.131524008
39,0.27252072,3076,1647,3076,29234.0436,0.1052,1647,1540,107,93.5,6.5,2986,22,1,28,0,13,26,97.07,0.72,0.03,0.91,0,0.42,0.85,3048,28,99.09,0.91,28,3048,2969,20,1,28,0,8,22,0.91,99.09,96.52,0.65,0.03,0.91,0,0.26,0.72,2808,2735,20,1,26,0,11,15,97.4,0.71,0.04,0.93,0,0.39,0.53,24,2784,2720,18,1,26,0,6,13,0.85,99.15,96.87,0.64,0.04,0.93,0,0.21,0.46,12.67880364
30,0.39928043,4904,2543,4904,31810.6711,0.1542,2543,2378,165,93.51,6.49,4686,51,7,86,2,26,46,95.55,1.04,0.14,1.75,0.04,0.53,0.94,4814,90,98.16,1.84,90,4814,4626,50,5,85,2,2,44,1.84,98.16,94.33,1.02,0.1,1.73,0.04,0.04,0.9,4479,4287,47,7,76,1,25,36,95.71,1.05,0.16,1.7,0.02,0.56,0.8,80,4399,4236,46,5,75,1,2,34,1.79,98.21,94.57,1.03,0.11,1.67,0.02,0.04,0.76,6.117455139
50,0.41174353,3571,1942,3571,22462.7246,0.159,1942,1831,111,94.28,5.72,3379,23,3,99,1,22,44,94.62,0.64,0.08,2.77,0.03,0.62,1.23,3499,72,97.98,2.02,72,3499,3343,22,2,99,1,5,27,2.02,97.98,93.62,0.62,0.06,2.77,0.03,0.14,0.76,3266,3109,17,3,89,1,18,29,95.19,0.52,0.09,2.73,0.03,0.55,0.89,55,3211,3077,16,2,89,1,5,21,1.68,98.32,94.21,0.49,0.06,2.73,0.03,0.15,0.64,14.0016802
99,1.89347138,2357,1530,2357,4841.1989,0.7309,1530,1370,160,89.54,10.46,2110,33,7,150,1,17,39,89.52,1.4,0.3,6.36,0.04,0.72,1.65,2265,92,96.1,3.9,92,2265,2039,29,7,150,1,6,33,3.9,96.1,86.51,1.23,0.3,6.36,0.04,0.25,1.4,2236,2014,29,5,136,1,17,34,90.07,1.3,0.22,6.08,0.04,0.76,1.52,80,2156,1952,26,5,136,1,6,30,3.58,96.42,87.3,1.16,0.22,6.08,0.04,0.27,1.34,42.00254561
21,0.12822621,1893,636,1893,38235.3876,0.0495,636,617,19,97.01,2.99,572,489,5,194,0,493,140,30.22,25.83,0.26,10.25,0,26.04,7.4,1016,877,53.67,46.33,877,1016,354,381,1,185,0,37,58,46.33,53.67,18.7,20.13,0.05,9.77,0,1.95,3.06,1175,383,267,4,143,0,300,78,32.6,22.72,0.34,12.17,0,25.53,6.64,525,650,268,196,1,136,0,18,31,44.68,55.32,22.81,16.68,0.09,11.57,0,1.53,2.64,11.09350238
49,0.34122778,3964,2142,3964,30087.6321,0.1317,2142,2002,140,93.46,6.54,3630,43,11,183,1,46,50,91.57,1.08,0.28,4.62,0.03,1.16,1.26,3858,106,97.33,2.67,106,3858,3577,39,6,183,1,11,41,2.67,97.33,90.24,0.98,0.15,4.62,0.03,0.28,1.03,3623,3346,42,9,156,1,33,36,92.35,1.16,0.25,4.31,0.03,0.91,0.99,84,3539,3302,38,5,156,1,9,28,2.32,97.68,91.14,1.05,0.14,4.31,0.03,0.25,0.77,12.36125126
31,0.17303794,3098,1408,3098,46370.3302,0.0668,1408,1239,169,88,12,1526,597,16,346,0,435,178,49.26,19.27,0.52,11.17,0,14.04,5.75,2203,895,71.11,28.89,895,2203,1284,464,3,342,0,49,61,28.89,71.11,41.45,14.98,0.1,11.04,0,1.58,1.97,2244,1252,338,8,261,0,273,112,55.79,15.06,0.36,11.63,0,12.17,4.99,536,1708,1114,265,3,258,0,30,38,23.89,76.11,49.64,11.81,0.13,11.5,0,1.34,1.69,10.00645578
26,0.16527957,2232,1044,2232,34975.6974,0.0638,1044,982,62,94.06,5.94,810,607,20,313,6,340,136,36.29,27.2,0.9,14.02,0.27,15.23,6.09,1297,935,58.11,41.89,935,1297,449,467,7,313,2,9,50,41.89,58.11,20.12,20.92,0.31,14.02,0.09,0.4,2.24,1519,594,404,14,224,3,200,80,39.1,26.6,0.92,14.75,0.2,13.17,5.27,562,957,384,312,6,224,2,5,24,37,63,25.28,20.54,0.39,14.75,0.13,0.33,1.58,11.64874552
89,1.91393971,3240,2041,3240,4556.9434,0.739,2041,1753,288,85.89,14.11,2842,88,2,224,3,39,42,87.72,2.72,0.06,6.91,0.09,1.2,1.3,3084,156,95.19,4.81,156,3084,2743,68,2,222,3,10,36,4.81,95.19,84.66,2.1,0.06,6.85,0.09,0.31,1.11,2975,2631,68,2,201,3,39,31,88.44,2.29,0.07,6.76,0.1,1.31,1.04,135,2840,2547,52,2,199,3,10,27,4.54,95.46,85.61,1.75,0.07,6.69,0.1,0.34,0.91,27.4691358
849,1.10814014,5902,3383,5902,14999.1014,0.4275,3383,2875,508,84.98,15.02,3753,299,3,1606,4,90,147,63.59,5.07,0.05,27.21,0.07,1.52,2.49,5542,360,93.9,6.1,360,5542,3524,274,3,1604,3,11,123,6.1,93.9,59.71,4.64,0.05,27.18,0.05,0.19,2.08,5544,3564,285,3,1485,4,85,118,64.29,5.14,0.05,26.79,0.07,1.53,2.13,338,5206,3349,261,3,1484,3,10,96,6.1,93.9,60.41,4.71,0.05,26.77,0.05,0.18,1.73,143.8495425
173,0.26878234,5218,1690,5218,50281.4865,0.1038,1690,1533,157,90.71,9.29,1829,198,4,3041,1,55,90,35.05,3.79,0.08,58.28,0.02,1.05,1.72,5058,160,96.93,3.07,160,5058,1749,182,3,3038,1,9,76,3.07,96.93,33.52,3.49,0.06,58.22,0.02,0.17,1.46,4731,1818,161,4,2617,1,50,80,38.43,3.4,0.08,55.32,0.02,1.06,1.69,146,4585,1742,147,3,2614,1,9,69,3.09,96.91,36.82,3.11,0.06,55.25,0.02,0.19,1.46,33.15446531
115,0.33606288,3909,2706,3909,30126.0868,0.1298,2706,2448,258,90.47,9.53,3091,110,4,568,1,44,91,79.07,2.81,0.1,14.53,0.03,1.13,2.33,3748,161,95.88,4.12,161,3748,2983,105,4,567,1,17,71,4.12,95.88,76.31,2.69,0.1,14.5,0.03,0.43,1.82,3658,2910,103,4,528,1,37,75,79.55,2.82,0.11,14.43,0.03,1.01,2.05,143,3515,2810,99,4,527,1,16,58,3.91,96.09,76.82,2.71,0.11,14.41,0.03,0.44,1.59,29.41928882
73,0.27788688,1723,680,1723,16672.2059,0.1073,680,666,14,97.94,2.06,154,239,2,1206,0,81,41,8.94,13.87,0.12,69.99,0,4.7,2.38,1565,158,90.83,9.17,158,1565,110,221,2,1206,0,6,20,9.17,90.83,6.38,12.83,0.12,69.99,0,0.35,1.16,1358,142,153,2,986,0,52,23,10.46,11.27,0.15,72.61,0,3.83,1.69,101,1257,107,143,2,986,0,5,14,7.44,92.56,7.88,10.53,0.15,72.61,0,0.37,1.03,42.36796286
57,0.29727885,5460,3066,5460,47569.3946,0.1148,3066,2903,163,94.68,5.32,3422,465,19,938,1,436,179,62.67,8.52,0.35,17.18,0.02,7.99,3.28,4390,1070,80.4,19.6,1070,4390,2962,381,4,937,0,17,89,19.6,80.4,54.25,6.98,0.07,17.16,0,0.31,1.63,4710,3126,371,14,777,1,309,112,66.37,7.88,0.3,16.5,0.02,6.56,2.38,793,3917,2761,312,4,776,0,10,54,16.84,83.16,58.62,6.62,0.08,16.48,0,0.21,1.15,10.43956044
17,0.13253397,2240,1309,2240,43774.8855,0.0512,1309,1210,99,92.44,7.56,1902,96,3,130,1,49,59,84.91,4.29,0.13,5.8,0.04,2.19,2.63,2126,114,94.91,5.09,114,2126,1838,91,3,130,1,15,48,5.09,94.91,82.05,4.06,0.13,5.8,0.04,0.67,2.14,2007,1733,80,3,120,1,39,31,86.35,3.99,0.15,5.98,0.05,1.94,1.54,96,1911,1677,77,3,120,1,10,23,4.78,95.22,83.56,3.84,0.15,5.98,0.05,0.5,1.15,7.589285714
49,0.16413029,2361,1366,2361,37256.5918,0.0634,1366,1238,128,90.63,9.37,1397,586,7,235,0,45,91,59.17,24.82,0.3,9.95,0,1.91,3.85,2167,194,91.78,8.22,194,2167,1287,553,7,234,0,14,72,8.22,91.78,54.51,23.42,0.3,9.91,0,0.59,3.05,2056,1290,457,7,205,0,37,60,62.74,22.23,0.34,9.97,0,1.8,2.92,147,1909,1201,437,7,204,0,10,50,7.15,92.85,58.41,21.25,0.34,9.92,0,0.49,2.43,20.75391783
41,0.1943907,3706,2156,3706,49377.517,0.0751,2156,2044,112,94.81,5.19,2479,730,5,265,0,104,123,66.89,19.7,0.13,7.15,0,2.81,3.32,3369,337,90.91,9.09,337,3369,2307,685,3,264,0,20,90,9.09,90.91,62.25,18.48,0.08,7.12,0,0.54,2.43,3371,2330,594,5,252,0,87,103,69.12,17.62,0.15,7.48,0,2.58,3.06,295,3076,2175,561,3,251,0,15,71,8.75,91.25,64.52,16.64,0.09,7.45,0,0.44,2.11,11.06314085
31,0.16746853,3329,1798,3329,51484.5736,0.0647,1798,1728,70,96.11,3.89,1725,833,16,270,1,330,154,51.82,25.02,0.48,8.11,0.03,9.91,4.63,2615,714,78.55,21.45,714,2615,1482,747,9,270,1,11,95,21.45,78.55,44.52,22.44,0.27,8.11,0.03,0.33,2.85,2754,1567,615,12,251,1,199,109,56.9,22.33,0.44,9.11,0.04,7.23,3.96,459,2295,1396,564,8,251,1,8,67,16.67,83.33,50.69,20.48,0.29,9.11,0.04,0.29,2.43,9.312105737
257,0.36277071,3753,2185,3753,26794.5303,0.1401,2185,2088,97,95.56,4.44,2017,643,24,671,1,272,125,53.74,17.13,0.64,17.88,0.03,7.25,3.33,3240,513,86.33,13.67,513,3240,1837,593,17,670,1,38,84,13.67,86.33,48.95,15.8,0.45,17.85,0.03,1.01,2.24,3460,1928,557,19,634,1,222,99,55.72,16.1,0.55,18.32,0.03,6.42,2.86,422,3038,1768,516,14,633,1,35,71,12.2,87.8,51.1,14.91,0.4,18.29,0.03,1.01,2.05,68.47855049
121,0.4022294,3131,1399,3131,20160.8352,0.1553,1399,1304,95,93.21,6.79,1468,666,11,478,4,389,115,46.89,21.27,0.35,15.27,0.13,12.42,3.67,2373,758,75.79,24.21,758,2373,1218,592,7,476,4,18,58,24.21,75.79,38.9,18.91,0.22,15.2,0.13,0.57,1.85,2571,1318,493,8,412,4,265,71,51.26,19.18,0.31,16.02,0.16,10.31,2.76,537,2034,1129,436,7,410,4,13,35,20.89,79.11,43.91,16.96,0.27,15.95,0.16,0.51,1.36,38.64580006
160,1.02638796,3350,744,3350,8453.367,0.3963,744,681,63,91.53,8.47,1122,1537,18,44,0,470,159,33.49,45.88,0.54,1.31,0,14.03,4.75,2408,942,71.88,28.12,942,2408,516,1448,6,44,0,283,111,28.12,71.88,15.4,43.22,0.18,1.31,0,8.45,3.31,2935,1072,1340,12,41,0,353,117,36.52,45.66,0.41,1.4,0,12.03,3.99,804,2131,501,1278,6,41,0,214,91,27.39,72.61,17.07,43.54,0.2,1.4,0,7.29,3.1,47.76119403
56,0.26883134,1769,791,1769,17042.9442,0.1038,791,693,98,87.61,12.39,198,1155,19,16,0,290,91,11.19,65.29,1.07,0.9,0,16.39,5.14,1261,508,71.28,28.72,508,1261,83,1065,11,16,0,45,41,28.72,71.28,4.69,60.2,0.62,0.9,0,2.54,2.32,1244,141,821,12,13,0,195,62,11.33,66,0.96,1.05,0,15.68,4.98,330,914,64,775,9,13,0,25,28,26.53,73.47,5.14,62.3,0.72,1.05,0,2.01,2.25,31.656303
65,0.44046452,2710,1249,2710,15935.0225,0.1701,1249,1225,24,98.08,1.92,488,1536,28,67,0,383,208,18.01,56.68,1.03,2.47,0,14.13,7.68,1726,984,63.69,36.31,984,1726,200,1349,16,66,0,15,80,36.31,63.69,7.38,49.78,0.59,2.44,0,0.55,2.95,2010,383,1134,25,64,0,264,140,19.05,56.42,1.24,3.18,0,13.13,6.97,663,1347,191,1017,15,63,0,9,52,32.99,67.01,9.5,50.6,0.75,3.13,0,0.45,2.59,23.98523985
55,0.24556812,3096,1323,3096,32653.023,0.0948,1323,1269,54,95.92,4.08,646,1673,11,101,3,494,168,20.87,54.04,0.36,3.26,0.1,15.96,5.43,1767,1329,57.07,42.93,1329,1767,233,1369,2,99,1,13,50,42.93,57.07,7.53,44.22,0.06,3.2,0.03,0.42,1.61,2148,462,1114,11,89,2,340,130,21.51,51.86,0.51,4.14,0.09,15.83,6.05,871,1277,217,923,2,88,0,7,40,40.55,59.45,10.1,42.97,0.09,4.1,0,0.33,1.86,17.76485788
126,0.56016074,4271,920,4271,19747.5355,0.2163,920,882,38,95.87,4.13,2369,953,18,386,0,389,156,55.47,22.31,0.42,9.04,0,9.11,3.65,3528,743,82.6,17.4,743,3528,2146,850,12,385,0,45,90,17.4,82.6,50.25,19.9,0.28,9.01,0,1.05,2.11,3779,2309,738,14,360,0,240,118,61.1,19.53,0.37,9.53,0,6.35,3.12,496,3283,2131,675,10,359,0,32,76,13.13,86.87,56.39,17.86,0.26,9.5,0,0.85,2.01,29.50128775
35,0.36470245,3885,946,3885,27590.0833,0.1408,946,927,19,97.99,2.01,1708,946,44,390,0,614,183,43.96,24.35,1.13,10.04,0,15.8,4.71,2540,1345,65.38,34.62,1345,2540,1258,791,19,386,0,12,74,34.62,65.38,32.38,20.36,0.49,9.94,0,0.31,1.9,3115,1549,621,25,368,0,421,131,49.73,19.94,0.8,11.81,0,13.52,4.21,887,2228,1251,532,14,364,0,5,62,28.48,71.52,40.16,17.08,0.45,11.69,0,0.16,1.99,9.009009009
81,0.25666809,4008,1776,4008,40444.1237,0.0991,1776,1686,90,94.93,5.07,2748,360,10,660,4,97,129,68.56,8.98,0.25,16.47,0.1,2.42,3.22,3695,313,92.19,7.81,313,3695,2601,329,5,660,4,8,88,7.81,92.19,64.9,8.21,0.12,16.47,0.1,0.2,2.2,3802,2673,289,9,630,4,85,112,70.31,7.6,0.24,16.57,0.11,2.24,2.95,254,3548,2550,267,5,630,4,8,84,6.68,93.32,67.07,7.02,0.13,16.57,0.11,0.21,2.21,20.20958084
97,0.55848694,4890,2287,4890,22677.3741,0.2156,2287,2234,53,97.68,2.32,2512,799,35,929,3,402,210,51.37,16.34,0.72,19,0.06,8.22,4.29,3940,950,80.57,19.43,950,3940,2180,684,19,920,3,14,120,19.43,80.57,44.58,13.99,0.39,18.81,0.06,0.29,2.45,4228,2370,592,31,801,3,288,143,56.05,14,0.73,18.95,0.07,6.81,3.38,671,3557,2119,516,18,796,3,12,93,15.87,84.13,50.12,12.2,0.43,18.83,0.07,0.28,2.2,19.83640082
51,0.49587724,4091,1781,4091,21367.478,0.1915,1781,1682,99,94.44,5.56,2231,951,11,555,2,200,141,54.53,23.25,0.27,13.57,0.05,4.89,3.45,3483,608,85.14,14.86,608,3483,1953,876,6,549,1,15,83,14.86,85.14,47.74,21.41,0.15,13.42,0.02,0.37,2.03,3752,2102,858,9,509,2,160,112,56.02,22.87,0.24,13.57,0.05,4.26,2.99,491,3261,1876,798,6,503,1,12,65,13.09,86.91,50,21.27,0.16,13.41,0.03,0.32,1.73,12.46638964
57,0.28237568,3265,1232,3265,29947.2006,0.109,1232,1125,107,91.31,8.69,957,1172,39,85,0,743,269,29.31,35.9,1.19,2.6,0,22.76,8.24,1545,1720,47.32,52.68,1720,1545,393,962,3,83,0,17,87,52.68,47.32,12.04,29.46,0.09,2.54,0,0.52,2.66,2225,729,761,28,69,0,469,169,32.76,34.2,1.26,3.1,0,21.08,7.6,1114,1111,349,627,3,67,0,11,54,50.07,49.93,15.69,28.18,0.13,3.01,0,0.49,2.43,17.45788668
155,0.58033879,4760,2111,4760,21243.3838,0.2241,2111,2001,110,94.79,5.21,937,2350,60,45,5,1025,338,19.68,49.37,1.26,0.95,0.11,21.53,7.1,2499,2261,52.5,47.5,2261,2499,299,2012,22,39,5,27,95,47.5,52.5,6.28,42.27,0.46,0.82,0.11,0.57,2,3510,690,1807,47,34,2,702,228,19.66,51.48,1.34,0.97,0.06,20,6.5,1542,1968,250,1582,19,32,2,17,66,43.93,56.07,7.12,45.07,0.54,0.91,0.06,0.48,1.88,32.56302521
65,0.62048428,3003,1462,3003,12535.0075,0.2396,1462,1300,162,88.92,11.08,830,1648,37,93,0,256,139,27.64,54.88,1.23,3.1,0,8.52,4.63,2417,586,80.49,19.51,586,2417,685,1516,18,92,0,18,88,19.51,80.49,22.81,50.48,0.6,3.06,0,0.6,2.93,2480,775,1298,20,85,0,201,101,31.25,52.34,0.81,3.43,0,8.1,4.07,446,2034,654,1204,9,84,0,13,70,17.98,82.02,26.37,48.55,0.36,3.39,0,0.52,2.82,21.64502165
37,0.33629413,2134,905,2134,16435.1753,0.1298,905,839,66,92.71,7.29,336,1446,12,25,2,207,106,15.75,67.76,0.56,1.17,0.09,9.7,4.97,1618,516,75.82,24.18,516,1618,177,1329,9,25,2,25,51,24.18,75.82,8.29,62.28,0.42,1.17,0.09,1.17,2.39,1645,264,1126,10,25,1,137,82,16.05,68.45,0.61,1.52,0.06,8.33,4.98,354,1291,166,1038,8,25,1,17,36,21.52,78.48,10.09,63.1,0.49,1.52,0.06,1.03,2.19,17.33833177
70,0.63356519,3820,1599,3820,15616.0296,0.2446,1599,1473,126,92.12,7.88,262,2890,34,63,1,367,203,6.86,75.65,0.89,1.65,0.03,9.61,5.31,3038,782,79.53,20.47,782,3038,74,2725,18,58,1,37,125,20.47,79.53,1.94,71.34,0.47,1.52,0.03,0.97,3.27,2753,173,2148,24,41,1,245,121,6.28,78.02,0.87,1.49,0.04,8.9,4.4,476,2277,67,2040,16,40,1,26,87,17.29,82.71,2.43,74.1,0.58,1.45,0.04,0.94,3.16,18.32460733
54,0.37392147,2898,1388,2898,20073.2382,0.1444,1388,1139,249,82.06,17.94,216,2031,16,40,4,401,190,7.45,70.08,0.55,1.38,0.14,13.84,6.56,2162,736,74.6,25.4,736,2162,78,1879,13,39,4,51,98,25.4,74.6,2.69,64.84,0.45,1.35,0.14,1.76,3.38,2132,169,1518,11,33,2,270,129,7.93,71.2,0.52,1.55,0.09,12.66,6.05,490,1642,75,1417,10,32,2,33,73,22.98,77.02,3.52,66.46,0.47,1.5,0.09,1.55,3.42,18.63354037
98,0.43338377,3115,1397,3115,18615.8095,0.1673,1397,1256,141,89.91,10.09,263,2215,21,18,0,421,177,8.44,71.11,0.67,0.58,0,13.52,5.68,2287,828,73.42,26.58,828,2287,68,2046,16,18,0,45,94,26.58,73.42,2.18,65.68,0.51,0.58,0,1.44,3.02,2292,181,1677,16,11,0,290,117,7.9,73.17,0.7,0.48,0,12.65,5.1,535,1757,58,1576,13,11,0,32,67,23.34,76.66,2.53,68.76,0.57,0.48,0,1.4,2.92,31.46067416
39,0.39215836,2815,1278,2815,18591.5274,0.1514,1278,1158,120,90.61,9.39,172,2193,20,19,1,290,120,6.11,77.9,0.71,0.67,0.04,10.3,4.26,2281,534,81.03,18.97,534,2281,52,2087,9,19,1,47,66,18.97,81.03,1.85,74.14,0.32,0.67,0.04,1.67,2.34,2112,125,1692,12,13,1,188,81,5.92,80.11,0.57,0.62,0.05,8.9,3.84,336,1776,43,1629,8,13,1,34,48,15.91,84.09,2.04,77.13,0.38,0.62,0.05,1.61,2.27,13.85435169
60,0.37057658,5025,2117,5025,35120.0687,0.1431,2117,2035,82,96.13,3.87,400,3355,43,34,1,927,265,7.96,66.77,0.86,0.68,0.02,18.45,5.27,3364,1661,66.95,33.05,1661,3364,62,3093,21,32,1,44,111,33.05,66.95,1.23,61.55,0.42,0.64,0.02,0.88,2.21,3444,266,2350,28,26,1,618,155,7.72,68.23,0.81,0.75,0.03,17.94,4.5,1073,2371,51,2189,16,25,1,25,64,31.16,68.84,1.48,63.56,0.46,0.73,0.03,0.73,1.86,11.94029851
124,0.44699537,4571,1863,4571,26485.5638,0.1726,1863,1681,182,90.23,9.77,252,3487,39,32,2,536,223,5.51,76.29,0.85,0.7,0.04,11.73,4.88,3542,1029,77.49,22.51,1029,3542,86,3231,28,30,1,51,115,22.51,77.49,1.88,70.68,0.61,0.66,0.02,1.12,2.52,3259,165,2520,27,21,2,381,143,5.06,77.32,0.83,0.64,0.06,11.69,4.39,684,2575,67,2352,20,21,1,39,75,20.99,79.01,2.06,72.17,0.61,0.64,0.03,1.2,2.3,27.12754321
69,0.27367298,2233,830,2233,21132.8318,0.1057,830,772,58,93.01,6.99,224,1284,19,45,4,534,123,10.03,57.5,0.85,2.02,0.18,23.91,5.51,1368,865,61.26,38.74,865,1368,40,1176,5,45,0,53,49,38.74,61.26,1.79,52.66,0.22,2.02,0,2.37,2.19,1458,137,875,11,28,3,336,68,9.4,60.01,0.75,1.92,0.21,23.05,4.66,521,937,28,806,5,28,0,44,26,35.73,64.27,1.92,55.28,0.34,1.92,0,3.02,1.78,30.90013435
59,0.38039333,3179,1268,3179,21644.8521,0.1469,1268,1123,145,88.56,11.44,317,2047,20,28,2,588,177,9.97,64.39,0.63,0.88,0.06,18.5,5.57,2097,1082,65.96,34.04,1082,2097,47,1854,8,19,1,73,95,34.04,65.96,1.48,58.32,0.25,0.6,0.03,2.3,2.99,2100,212,1391,14,17,2,355,109,10.1,66.24,0.67,0.81,0.1,16.9,5.19,658,1442,40,1276,7,15,1,46,57,31.33,68.67,1.9,60.76,0.33,0.71,0.05,2.19,2.71,18.55929538
48,0.42513483,3659,1294,3659,22291.1924,0.1641,1294,1148,146,88.72,11.28,388,2155,43,36,3,713,321,10.6,58.9,1.18,0.98,0.08,19.49,8.77,2454,1205,67.07,32.93,1205,2454,89,1900,18,32,2,236,177,32.93,67.07,2.43,51.93,0.49,0.87,0.05,6.45,4.84,2508,262,1504,36,24,1,489,192,10.45,59.97,1.44,0.96,0.04,19.5,7.66,746,1762,72,1360,14,21,0,176,119,29.74,70.26,2.87,54.23,0.56,0.84,0,7.02,4.74,13.11833834
31,0.30166507,2348,793,2348,20159.1566,0.1165,793,720,73,90.79,9.21,233,1017,16,36,3,799,244,9.92,43.31,0.68,1.53,0.13,34.03,10.39,1856,492,79.05,20.95,492,1856,93,916,8,36,3,605,195,20.95,79.05,3.96,39.01,0.34,1.53,0.13,25.77,8.3,1695,157,728,8,29,3,590,180,9.26,42.95,0.47,1.71,0.18,34.81,10.62,305,1390,70,665,4,29,3,467,152,17.99,82.01,4.13,39.23,0.24,1.71,0.18,27.55,8.97,13.20272572
270,1.07256101,4275,1990,4275,10323.045,0.4141,1990,1832,158,92.06,7.94,2747,394,14,747,0,249,124,64.26,9.22,0.33,17.47,0,5.82,2.9,3896,379,91.13,8.87,379,3896,2597,370,10,747,0,72,100,8.87,91.13,60.75,8.65,0.23,17.47,0,1.68,2.34,3641,2415,306,14,627,0,201,78,66.33,8.4,0.38,17.22,0,5.52,2.14,280,3361,2309,287,10,627,0,60,68,7.69,92.31,63.42,7.88,0.27,17.22,0,1.65,1.87,63.15789474
16,1.52252678,3730,1640,3730,8235.4174,0.5879,1640,1540,100,93.9,6.1,1674,760,20,742,5,394,135,44.88,20.38,0.54,19.89,0.13,10.56,3.62,2962,768,79.41,20.59,768,2962,1400,659,10,742,5,62,84,20.59,79.41,37.53,17.67,0.27,19.89,0.13,1.66,2.25,3145,1502,573,16,681,5,279,89,47.76,18.22,0.51,21.65,0.16,8.87,2.83,547,2598,1293,515,7,681,5,41,56,17.39,82.61,41.11,16.38,0.22,21.65,0.16,1.3,1.78,4.289544236
60,1.63643591,2742,1315,2742,5984.8537,0.6322,1315,1236,79,93.99,6.01,1663,316,1,517,2,143,100,60.65,11.52,0.04,18.85,0.07,5.22,3.65,2530,212,92.27,7.73,212,2530,1599,298,0,517,2,32,82,7.73,92.27,58.32,10.87,0,18.85,0.07,1.17,2.99,2282,1473,243,0,397,2,102,65,64.55,10.65,0,17.4,0.09,4.47,2.85,152,2130,1426,231,0,397,2,22,52,6.66,93.34,62.49,10.12,0,17.4,0.09,0.96,2.28,21.88183807
63,0.42389759,4861,1966,4861,29700.3099,0.1637,1966,1792,174,91.15,8.85,2443,647,16,1217,9,320,209,50.26,13.31,0.33,25.04,0.19,6.58,4.3,4395,466,90.41,9.59,466,4395,2260,597,16,1215,0,130,177,9.59,90.41,46.49,12.28,0.33,24.99,0,2.67,3.64,3941,2110,473,6,944,9,243,156,53.54,12,0.15,23.95,0.23,6.17,3.96,337,3604,1985,439,6,942,0,97,135,8.55,91.45,50.37,11.14,0.15,23.9,0,2.46,3.43,12.96029624
55,0.32361156,3234,1239,3234,25882.9128,0.1249,1239,1160,79,93.62,6.38,1161,858,11,198,6,725,275,35.9,26.53,0.34,6.12,0.19,22.42,8.5,2537,697,78.45,21.55,697,2537,981,762,5,196,5,390,198,21.55,78.45,30.33,23.56,0.15,6.06,0.15,12.06,6.12,2484,1004,619,7,161,6,507,180,40.42,24.92,0.28,6.48,0.24,20.41,7.25,446,2038,889,562,3,159,5,287,133,17.95,82.05,35.79,22.62,0.12,6.4,0.2,11.55,5.35,17.00680272
17,0.2625608,2499,868,2499,24651.0512,0.1014,868,790,78,91.01,8.99,316,926,12,83,2,900,260,12.65,37.05,0.48,3.32,0.08,36.01,10.4,1967,532,78.71,21.29,532,1967,165,869,6,81,1,644,201,21.29,78.71,6.6,34.77,0.24,3.24,0.04,25.77,8.04,1789,251,610,5,60,2,678,183,14.03,34.1,0.28,3.35,0.11,37.9,10.23,370,1419,145,568,3,58,1,499,145,20.68,79.32,8.11,31.75,0.17,3.24,0.06,27.89,8.11,6.802721088
39,0.32502443,2741,939,2741,21842.2162,0.1255,939,879,60,93.61,6.39,413,1373,11,27,1,676,240,15.07,50.09,0.4,0.99,0.04,24.66,8.76,1939,802,70.74,29.26,802,1939,196,1267,6,26,1,262,181,29.26,70.74,7.15,46.22,0.22,0.95,0.04,9.56,6.6,2024,348,999,10,22,1,486,158,17.19,49.36,0.49,1.09,0.05,24.01,7.81,582,1442,183,918,5,22,1,189,124,28.75,71.25,9.04,45.36,0.25,1.09,0.05,9.34,6.13,14.2283838
64,0.40416583,4370,1653,4370,28003.9577,0.156,1653,1470,183,88.93,11.07,626,1888,11,203,1,1209,432,14.32,43.2,0.25,4.65,0.02,27.67,9.89,3453,917,79.02,20.98,917,3453,407,1735,8,202,0,749,352,20.98,79.02,9.31,39.7,0.18,4.62,0,17.14,8.05,3187,522,1322,8,155,1,867,312,16.38,41.48,0.25,4.86,0.03,27.2,9.79,608,2579,381,1222,5,155,0,553,263,19.08,80.92,11.95,38.34,0.16,4.86,0,17.35,8.25,14.64530892
78,0.31269554,3138,1165,3138,25991.1555,0.1207,1165,1043,122,89.53,10.47,489,1079,9,813,0,526,222,15.58,34.38,0.29,25.91,0,16.76,7.07,2652,486,84.51,15.49,486,2652,385,1015,9,805,0,263,175,15.49,84.51,12.27,32.35,0.29,25.65,0,8.38,5.58,2283,413,732,7,614,0,368,149,18.09,32.06,0.31,26.89,0,16.12,6.53,322,1961,348,700,7,608,0,183,115,14.1,85.9,15.24,30.66,0.31,26.63,0,8.02,5.04,24.85659656
71,0.28932582,3069,1050,3069,27473.164,0.1117,1050,917,133,87.33,12.67,354,1595,26,127,0,690,277,11.53,51.97,0.85,4.14,0,22.48,9.03,2437,632,79.41,20.59,632,2437,200,1440,10,127,0,456,204,20.59,79.41,6.52,46.92,0.33,4.14,0,14.86,6.65,2167,277,1097,16,95,0,495,187,12.78,50.62,0.74,4.38,0,22.84,8.63,433,1734,170,987,4,95,0,336,142,19.98,80.02,7.84,45.55,0.18,4.38,0,15.51,6.55,23.13457152
56,0.43206193,3452,1214,3452,20693.0007,0.1668,1214,1042,172,85.83,14.17,294,1947,17,60,0,890,244,8.52,56.4,0.49,1.74,0,25.78,7.07,2739,713,79.35,20.65,713,2739,132,1798,14,59,0,524,212,20.65,79.35,3.82,52.09,0.41,1.71,0,15.18,6.14,2429,217,1364,9,50,0,616,173,8.93,56.15,0.37,2.06,0,25.36,7.12,454,1975,110,1274,9,50,0,374,158,18.69,81.31,4.53,52.45,0.37,2.06,0,15.4,6.5,16.22247972
64,0.48198232,3860,1380,3860,20742.0432,0.1861,1380,1244,136,90.14,9.86,281,2917,35,12,0,417,198,7.28,75.57,0.91,0.31,0,10.8,5.13,3036,824,78.65,21.35,824,3036,94,2699,17,12,0,97,117,21.35,78.65,2.44,69.92,0.44,0.31,0,2.51,3.03,2693,193,2056,26,12,0,286,120,7.17,76.35,0.97,0.45,0,10.62,4.46,525,2168,76,1918,12,12,0,75,75,19.49,80.51,2.82,71.22,0.45,0.45,0,2.78,2.78,16.58031088
86,0.4897385,4945,1693,4945,26151.7726,0.1891,1693,1532,161,90.49,9.51,514,2885,17,470,10,687,362,10.39,58.34,0.34,9.5,0.2,13.89,7.32,3894,1051,78.75,21.25,1051,3894,258,2676,11,467,4,220,258,21.25,78.75,5.22,54.12,0.22,9.44,0.08,4.45,5.22,3653,429,2115,16,358,8,498,229,11.74,57.9,0.44,9.8,0.22,13.63,6.27,753,2900,233,1973,11,356,2,162,163,20.61,79.39,6.38,54.01,0.3,9.75,0.05,4.43,4.46,17.39130435
131,1.35607018,6451,2454,6451,12932.2386,0.5238,2454,2252,202,91.77,8.23,2120,1493,25,2045,3,480,285,32.86,23.14,0.39,31.7,0.05,7.44,4.42,5762,689,89.32,10.68,689,5762,1906,1413,10,2026,3,181,223,10.68,89.32,29.55,21.9,0.16,31.41,0.05,2.81,3.46,4901,1837,1066,18,1458,0,342,180,37.48,21.75,0.37,29.75,0,6.98,3.67,470,4431,1681,1015,10,1448,0,131,146,9.59,90.41,34.3,20.71,0.2,29.54,0,2.67,2.98,20.30692916
91,0.58130462,3349,1227,3349,14921.4005,0.2244,1227,1134,93,92.42,7.58,859,1501,16,542,0,262,169,25.65,44.82,0.48,16.18,0,7.82,5.05,2927,422,87.4,12.6,422,2927,740,1417,15,542,0,90,123,12.6,87.4,22.1,42.31,0.45,16.18,0,2.69,3.67,2566,753,1119,10,390,0,183,111,29.35,43.61,0.39,15.2,0,7.13,4.33,285,2281,663,1068,9,390,0,64,87,11.11,88.89,25.84,41.62,0.35,15.2,0,2.49,3.39,27.17229024
90,0.34297681,2893,1077,2893,21846.6568,0.1324,1077,956,121,88.77,11.23,160,2314,9,21,0,242,147,5.53,79.99,0.31,0.73,0,8.37,5.08,2435,458,84.17,15.83,458,2435,47,2222,5,21,0,41,99,15.83,84.17,1.62,76.81,0.17,0.73,0,1.42,3.42,2051,114,1673,6,15,0,148,95,5.56,81.57,0.29,0.73,0,7.22,4.63,285,1766,42,1613,3,15,0,26,67,13.9,86.1,2.05,78.64,0.15,0.73,0,1.27,3.27,31.10957484
77,0.59401155,5277,2065,5277,23008.6475,0.2293,2065,1873,192,90.7,9.3,410,3790,52,47,0,685,293,7.77,71.82,0.99,0.89,0,12.98,5.55,3807,1470,72.14,27.86,1470,3807,56,3470,32,43,0,60,146,27.86,72.14,1.06,65.76,0.61,0.81,0,1.14,2.77,3642,246,2711,26,30,0,438,191,6.75,74.44,0.71,0.82,0,12.03,5.24,901,2741,43,2516,17,27,0,40,98,24.74,75.26,1.18,69.08,0.47,0.74,0,1.1,2.69,14.59162403
115,1.03788594,5510,2047,5510,13761.5068,0.4004,2047,1895,152,92.57,7.43,455,3910,25,53,4,809,254,8.26,70.96,0.45,0.96,0.07,14.68,4.61,3907,1603,70.91,29.09,1603,3907,57,3542,17,48,4,112,127,29.09,70.91,1.03,64.28,0.31,0.87,0.07,2.03,2.3,3751,270,2745,15,33,3,522,163,7.2,73.18,0.4,0.88,0.08,13.92,4.35,971,2780,45,2526,11,32,3,75,88,25.89,74.11,1.2,67.34,0.29,0.85,0.08,2,2.35,20.87114338
52,0.35059274,2787,1013,2787,20588.8798,0.1354,1013,905,108,89.34,10.66,104,2319,14,27,0,208,115,3.73,83.21,0.5,0.97,0,7.46,4.13,2374,413,85.18,14.82,413,2374,37,2185,4,27,0,49,72,14.82,85.18,1.33,78.4,0.14,0.97,0,1.76,2.58,1967,66,1666,9,19,0,124,83,3.36,84.7,0.46,0.97,0,6.3,4.22,252,1715,28,1586,3,19,0,24,55,12.81,87.19,1.42,80.63,0.15,0.97,0,1.22,2.8,18.65805526
41,0.49187961,3303,1262,3303,17391.9406,0.1899,1262,1121,141,88.83,11.17,180,2750,8,23,0,203,139,5.45,83.26,0.24,0.7,0,6.15,4.21,2951,352,89.34,10.66,352,2951,120,2643,7,23,0,65,93,10.66,89.34,3.63,80.02,0.21,0.7,0,1.97,2.82,2386,136,2020,6,19,0,129,76,5.7,84.66,0.25,0.8,0,5.41,3.19,224,2162,100,1943,5,19,0,42,53,9.39,90.61,4.19,81.43,0.21,0.8,0,1.76,2.22,12.41295792
60,0.62617426,4865,1830,4865,20122.7003,0.2418,1830,1695,135,92.62,7.38,648,3461,21,235,0,269,231,13.32,71.14,0.43,4.83,0,5.53,4.75,4408,457,90.61,9.39,457,4408,557,3320,19,233,0,110,169,9.39,90.61,11.45,68.24,0.39,4.79,0,2.26,3.47,3706,568,2591,16,182,0,201,148,15.33,69.91,0.43,4.91,0,5.42,3.99,299,3407,506,2497,15,180,0,88,121,8.07,91.93,13.65,67.38,0.4,4.86,0,2.37,3.26,12.33299075
107,0.85893187,5989,2383,5989,18058.9827,0.3316,2383,2174,209,91.23,8.77,1040,3545,40,572,2,489,301,17.37,59.19,0.67,9.55,0.03,8.16,5.03,5021,968,83.84,16.16,968,5021,796,3317,14,572,1,115,206,16.16,83.84,13.29,55.38,0.23,9.55,0.02,1.92,3.44,4438,850,2575,26,451,2,344,190,19.15,58.02,0.59,10.16,0.05,7.75,4.28,622,3816,701,2433,9,451,1,86,135,14.02,85.98,15.8,54.82,0.2,10.16,0.02,1.94,3.04,17.86608783
32,0.55258708,5154,2192,5154,24157.0042,0.2134,2192,2028,164,92.52,7.48,2217,1542,9,844,2,346,194,43.02,29.92,0.17,16.38,0.04,6.71,3.76,4676,478,90.73,9.27,478,4676,2102,1418,8,839,2,174,133,9.27,90.73,40.78,27.51,0.16,16.28,0.04,3.38,2.58,4006,1862,1147,8,631,2,244,112,46.48,28.63,0.2,15.75,0.05,6.09,2.8,325,3681,1772,1068,7,628,2,120,84,8.11,91.89,44.23,26.66,0.17,15.68,0.05,3,2.1,6.208769887
40,1.2301483,1904,840,1904,5562.8986,0.4753,840,754,86,89.76,10.24,1381,258,1,160,2,54,48,72.53,13.55,0.05,8.4,0.11,2.84,2.52,1775,129,93.22,6.78,129,1775,1314,235,1,160,1,20,44,6.78,93.22,69.01,12.34,0.05,8.4,0.05,1.05,2.31,1533,1148,194,1,117,2,40,31,74.89,12.65,0.07,7.63,0.13,2.61,2.02,83,1450,1109,181,1,117,1,14,27,5.41,94.59,72.34,11.81,0.07,7.63,0.07,0.91,1.76,21.00840336
53,1.37721716,4322,1975,4322,9298.2324,0.5318,1975,1873,102,94.84,5.16,3901,157,8,167,0,46,43,90.26,3.63,0.19,3.86,0,1.06,0.99,4221,101,97.66,2.34,101,4221,3847,152,5,167,0,16,34,2.34,97.66,89.01,3.52,0.12,3.86,0,0.37,0.79,3448,3133,126,7,120,0,37,25,90.86,3.65,0.2,3.48,0,1.07,0.73,73,3375,3094,123,4,120,0,13,21,2.12,97.88,89.73,3.57,0.12,3.48,0,0.38,0.61,12.26284128
51,1.90768007,5546,2702,5546,8134.6765,0.7368,2702,2524,178,93.41,6.59,3038,1461,16,622,1,165,243,54.78,26.34,0.29,11.22,0.02,2.98,4.38,5134,412,92.57,7.43,412,5134,2896,1364,15,614,1,62,182,7.43,92.57,52.22,24.59,0.27,11.07,0.02,1.12,3.28,4489,2602,1102,15,488,1,128,153,57.96,24.55,0.33,10.87,0.02,2.85,3.41,295,4194,2502,1036,14,481,1,44,116,6.57,93.43,55.74,23.08,0.31,10.72,0.02,0.98,2.58,9.195816805
81,1.00121126,4072,1729,4072,11037.6623,0.3869,1729,1610,119,93.12,6.88,1005,2462,5,281,3,161,155,24.68,60.46,0.12,6.9,0.07,3.95,3.81,3722,350,91.4,8.6,350,3722,933,2342,0,278,0,56,113,8.6,91.4,22.91,57.51,0,6.83,0,1.38,2.78,3192,891,1862,2,213,3,122,99,27.91,58.33,0.06,6.67,0.09,3.82,3.1,243,2949,840,1786,0,210,0,43,70,7.61,92.39,26.32,55.95,0,6.58,0,1.35,2.19,19.89194499
106,1.30213152,5480,2266,5480,10949.1016,0.5025,2266,2127,139,93.87,6.13,251,4693,30,14,0,304,188,4.58,85.64,0.55,0.26,0,5.55,3.43,4886,594,89.16,10.84,594,4886,133,4551,18,13,0,44,127,10.84,89.16,2.43,83.05,0.33,0.24,0,0.8,2.32,4257,190,3705,24,12,0,202,124,4.46,87.03,0.56,0.28,0,4.75,2.91,391,3866,115,3594,18,11,0,34,94,9.18,90.82,2.7,84.43,0.42,0.26,0,0.8,2.21,19.34306569
53,1.16958017,4979,2149,4979,11067.1279,0.4519,2149,1968,181,91.58,8.42,318,4040,35,54,3,312,217,6.39,81.14,0.7,1.08,0.06,6.27,4.36,4286,693,86.08,13.92,693,4286,201,3834,19,53,0,47,132,13.92,86.08,4.04,77,0.38,1.06,0,0.94,2.65,3786,259,3109,23,40,1,215,139,6.84,82.12,0.61,1.06,0.03,5.68,3.67,442,3344,188,2976,14,39,0,37,90,11.67,88.33,4.97,78.61,0.37,1.03,0,0.98,2.38,10.64470777
37,0.37976885,3155,1160,3155,21516.8528,0.1466,1160,1048,112,90.34,9.66,68,2675,8,2,1,251,150,2.16,84.79,0.25,0.06,0.03,7.96,4.75,2676,479,84.82,15.18,479,2676,29,2532,7,2,0,10,96,15.18,84.82,0.92,80.25,0.22,0.06,0,0.32,3.04,2254,40,1969,4,2,1,153,85,1.77,87.36,0.18,0.09,0.04,6.79,3.77,285,1969,22,1875,3,2,0,9,58,12.64,87.36,0.98,83.19,0.13,0.09,0,0.4,2.57,11.7274168
122,0.56124122,4396,1672,4396,20286.3411,0.2167,1672,1511,161,90.37,9.63,173,3849,25,26,3,192,128,3.94,87.56,0.57,0.59,0.07,4.37,2.91,3875,521,88.15,11.85,521,3875,54,3692,15,24,3,3,84,11.85,88.15,1.23,83.99,0.34,0.55,0.07,0.07,1.91,3163,123,2798,18,25,3,117,79,3.89,88.46,0.57,0.79,0.09,3.7,2.5,317,2846,49,2698,10,24,3,2,60,10.02,89.98,1.55,85.3,0.32,0.76,0.09,0.06,1.9,27.75250227
32,0.93508794,5460,2353,5460,15122.9986,0.361,2353,2186,167,92.9,7.1,2806,1089,42,395,2,820,306,51.39,19.95,0.77,7.23,0.04,15.02,5.6,3714,1746,68.02,31.98,1746,3714,2138,961,22,390,2,35,166,31.98,68.02,39.16,17.6,0.4,7.14,0.04,0.64,3.04,4357,2403,799,28,340,2,587,198,55.15,18.34,0.64,7.8,0.05,13.47,4.54,1200,3157,1949,725,10,339,2,28,104,27.54,72.46,44.73,16.64,0.23,7.78,0.05,0.64,2.39,5.860805861
15,0.34821128,2051,874,2051,15255.4375,0.1344,874,815,59,93.25,6.75,682,873,35,45,0,312,104,33.25,42.56,1.71,2.19,0,15.21,5.07,1317,734,64.21,35.79,734,1317,411,795,13,42,0,15,41,35.79,64.21,20.04,38.76,0.63,2.05,0,0.73,2,1559,549,658,19,43,0,232,58,35.21,42.21,1.22,2.76,0,14.88,3.72,517,1042,363,604,5,40,0,11,19,33.16,66.84,23.28,38.74,0.32,2.57,0,0.71,1.22,7.313505607
55,0.81793218,2405,955,2405,7615.479,0.3158,955,898,57,94.03,5.97,1227,681,18,61,0,305,113,51.02,28.32,0.75,2.54,0,12.68,4.7,1713,692,71.23,28.77,692,1713,955,602,13,60,0,19,64,28.77,71.23,39.71,25.03,0.54,2.49,0,0.79,2.66,1845,1003,512,10,51,0,208,61,54.36,27.75,0.54,2.76,0,11.27,3.31,469,1376,814,461,9,50,0,11,31,25.42,74.58,44.12,24.99,0.49,2.71,0,0.6,1.68,22.86902287
24,0.52245063,3566,1362,3566,17678.1176,0.2017,1362,1285,77,94.35,5.65,1655,1047,16,93,6,543,206,46.41,29.36,0.45,2.61,0.17,15.23,5.78,2257,1309,63.29,36.71,1309,2257,1117,945,5,92,5,14,79,36.71,63.29,31.32,26.5,0.14,2.58,0.14,0.39,2.22,2698,1343,758,13,71,5,383,125,49.78,28.09,0.48,2.63,0.19,14.2,4.63,904,1794,980,688,5,70,4,12,35,33.51,66.49,36.32,25.5,0.19,2.59,0.15,0.44,1.3,6.73022995
31,0.95056425,4309,1767,4309,11836.4887,0.367,1767,1675,92,94.79,5.21,2539,1022,14,115,4,412,203,58.92,23.72,0.32,2.67,0.09,9.56,4.71,3307,1002,76.75,23.25,1002,3307,2148,895,10,110,4,46,94,23.25,76.75,49.85,20.77,0.23,2.55,0.09,1.07,2.18,3397,2103,753,12,92,4,314,119,61.91,22.17,0.35,2.71,0.12,9.24,3.5,704,2693,1832,670,8,90,4,35,54,20.72,79.28,53.93,19.72,0.24,2.65,0.12,1.03,1.59,7.194244604
21,0.64784782,3253,1371,3253,13004.9502,0.2501,1371,1300,71,94.82,5.18,2477,348,10,91,0,197,130,76.15,10.7,0.31,2.8,0,6.06,4,2792,461,85.83,14.17,461,2792,2299,321,1,91,0,10,70,14.17,85.83,70.67,9.87,0.03,2.8,0,0.31,2.15,2568,2025,260,8,64,0,143,68,78.86,10.12,0.31,2.49,0,5.57,2.65,319,2249,1898,242,1,64,0,9,35,12.42,87.58,73.91,9.42,0.04,2.49,0,0.35,1.36,6.455579465
45,0.6843,3806,1684,3806,14405.2654,0.2642,1684,1580,104,93.82,6.18,2496,681,16,115,0,339,159,65.58,17.89,0.42,3.02,0,8.91,4.18,2930,876,76.98,23.02,876,2930,2070,625,5,113,0,29,88,23.02,76.98,54.39,16.42,0.13,2.97,0,0.76,2.31,3044,2077,526,15,91,0,253,82,68.23,17.28,0.49,2.99,0,8.31,2.69,636,2408,1770,488,4,90,0,17,39,20.89,79.11,58.15,16.03,0.13,2.96,0,0.56,1.28,11.82343668
2,1.41486765,2969,1295,2969,5466.9183,0.5461,1295,1235,60,95.37,4.63,2666,77,10,132,1,32,51,89.79,2.59,0.34,4.45,0.03,1.08,1.72,2847,122,95.89,4.11,122,2847,2580,76,7,131,1,13,39,4.11,95.89,86.9,2.56,0.24,4.41,0.03,0.44,1.31,2449,2220,72,10,99,1,21,26,90.65,2.94,0.41,4.04,0.04,0.86,1.06,98,2351,2147,72,7,98,1,5,21,4,96,87.67,2.94,0.29,4,0.04,0.2,0.86,0.673627484
12,1.17128793,5077,2227,5077,11226.4279,0.4522,2227,2089,138,93.8,6.2,4335,296,12,132,0,177,125,85.39,5.83,0.24,2.6,0,3.49,2.46,4590,487,90.41,9.59,487,4590,4085,263,6,128,0,29,79,9.59,90.41,80.46,5.18,0.12,2.52,0,0.57,1.56,4235,3688,229,8,105,0,132,73,87.08,5.41,0.19,2.48,0,3.12,1.72,344,3891,3512,206,5,103,0,19,46,8.12,91.88,82.93,4.86,0.12,2.43,0,0.45,1.09,2.363600552
10,0.35324684,1508,696,1508,11056.5436,0.1364,696,660,36,94.83,5.17,1321,55,2,54,0,20,56,87.6,3.65,0.13,3.58,0,1.33,3.71,1431,77,94.89,5.11,77,1431,1270,55,1,54,0,8,43,5.11,94.89,84.22,3.65,0.07,3.58,0,0.53,2.85,1237,1095,49,2,46,0,16,29,88.52,3.96,0.16,3.72,0,1.29,2.34,58,1179,1054,49,1,46,0,8,21,4.69,95.31,85.21,3.96,0.08,3.72,0,0.65,1.7,6.631299735
8,0.29029664,2095,1060,2095,18691.3525,0.1121,1060,1000,60,94.34,5.66,1553,189,5,126,0,149,73,74.13,9.02,0.24,6.01,0,7.11,3.48,1688,407,80.57,19.43,407,1688,1359,150,2,126,0,8,43,19.43,80.57,64.87,7.16,0.1,6.01,0,0.38,2.05,1746,1362,142,1,104,0,94,43,78.01,8.13,0.06,5.96,0,5.38,2.46,260,1486,1235,116,0,104,0,6,25,14.89,85.11,70.73,6.64,0,5.96,0,0.34,1.43,3.818615752
6,1.84046339,2444,953,2444,3443.9437,0.7107,953,898,55,94.23,5.77,1977,125,8,210,1,27,96,80.89,5.11,0.33,8.59,0.04,1.1,3.93,2294,150,93.86,6.14,150,2294,1890,117,2,209,1,5,70,6.14,93.86,77.33,4.79,0.08,8.55,0.04,0.2,2.86,2017,1684,78,3,184,0,19,49,83.49,3.87,0.15,9.12,0,0.94,2.43,89,1928,1629,74,2,183,0,4,36,4.41,95.59,80.76,3.67,0.1,9.07,0,0.2,1.78,2.454991817
31,0.71946381,3439,1726,3439,12379.9373,0.2778,1726,1659,67,96.12,3.88,2186,596,18,118,0,374,147,63.56,17.33,0.52,3.43,0,10.88,4.27,2639,800,76.74,23.26,800,2639,1903,510,7,115,0,28,76,23.26,76.74,55.34,14.83,0.2,3.34,0,0.81,2.21,2936,1963,465,15,105,0,282,106,66.86,15.84,0.51,3.58,0,9.6,3.61,589,2347,1752,407,5,104,0,20,59,20.06,79.94,59.67,13.86,0.17,3.54,0,0.68,2.01,9.014248328
54,0.66292661,4795,1895,4795,18733.6312,0.256,1895,1784,111,94.14,5.86,2524,950,45,138,0,843,295,52.64,19.81,0.94,2.88,0,17.58,6.15,2974,1821,62.02,37.98,1821,2974,1908,789,9,136,0,28,104,37.98,62.02,39.79,16.45,0.19,2.84,0,0.58,2.17,3933,2198,752,33,123,0,616,211,55.89,19.12,0.84,3.13,0,15.66,5.36,1344,2589,1726,641,7,121,0,23,71,34.17,65.83,43.89,16.3,0.18,3.08,0,0.58,1.81,11.26173097
75,0.99893133,5751,2825,5751,14911.0056,0.3857,2825,2710,115,95.93,4.07,4644,428,25,262,2,186,204,80.75,7.44,0.43,4.56,0.03,3.23,3.55,5185,566,90.16,9.84,566,5185,4344,383,13,259,2,24,160,9.84,90.16,75.53,6.66,0.23,4.5,0.03,0.42,2.78,5078,4173,371,21,220,2,157,134,82.18,7.31,0.41,4.33,0.04,3.09,2.64,476,4602,3913,337,13,218,2,17,102,9.37,90.63,77.06,6.64,0.26,4.29,0.04,0.33,2.01,13.04121022
50,0.21370742,2331,905,2331,28250.4482,0.0825,905,852,53,94.14,5.86,1184,347,38,63,0,529,170,50.79,14.89,1.63,2.7,0,22.69,7.29,1136,1195,48.73,51.27,1195,1136,764,232,6,63,0,22,49,51.27,48.73,32.78,9.95,0.26,2.7,0,0.94,2.1,1910,1033,267,32,54,0,392,132,54.08,13.98,1.68,2.83,0,20.52,6.91,923,987,704,175,5,54,0,15,34,48.32,51.68,36.86,9.16,0.26,2.83,0,0.79,1.78,21.45002145
42,0.25821231,2335,1103,2335,23421.15,0.0997,1103,1054,49,95.56,4.44,1888,132,8,81,1,108,117,80.86,5.65,0.34,3.47,0.04,4.63,5.01,2034,301,87.11,12.89,301,2034,1751,115,3,79,1,15,70,12.89,87.11,74.99,4.93,0.13,3.38,0.04,0.64,3,2067,1719,105,7,76,1,84,75,83.16,5.08,0.34,3.68,0.05,4.06,3.63,236,1831,1604,96,2,74,1,11,43,11.42,88.58,77.6,4.64,0.1,3.58,0.05,0.53,2.08,17.98715203
19,0.29748558,2014,1044,2014,17534.4499,0.1149,1044,983,61,94.16,5.84,1415,205,4,169,1,138,82,70.26,10.18,0.2,8.39,0.05,6.85,4.07,1660,354,82.42,17.58,354,1660,1267,169,3,169,0,8,44,17.58,82.42,62.91,8.39,0.15,8.39,0,0.4,2.18,1807,1307,178,2,147,0,112,61,72.33,9.85,0.11,8.14,0,6.2,3.38,298,1509,1180,149,1,147,0,5,27,16.49,83.51,65.3,8.25,0.06,8.14,0,0.28,1.49,9.433962264
27,4.39017381,5906,2816,5906,3520.973,1.6954,2816,2668,148,94.74,5.26,4949,202,4,523,0,92,136,83.8,3.42,0.07,8.86,0,1.56,2.3,5641,265,95.51,4.49,265,5641,4789,190,1,523,0,26,112,4.49,95.51,81.09,3.22,0.02,8.86,0,0.44,1.9,4839,4134,164,2,405,0,69,65,85.43,3.39,0.04,8.37,0,1.43,1.34,213,4626,3996,155,1,405,0,18,51,4.4,95.6,82.58,3.2,0.02,8.37,0,0.37,1.05,4.571622079
25,1.35265717,4506,1914,4506,8627.8363,0.5223,1914,1829,85,95.56,4.44,4054,121,14,210,1,28,78,89.97,2.69,0.31,4.66,0.02,0.62,1.73,4299,207,95.41,4.59,207,4299,3913,110,7,209,1,7,52,4.59,95.41,86.84,2.44,0.16,4.64,0.02,0.16,1.15,3622,3305,92,10,163,1,19,32,91.25,2.54,0.28,4.5,0.03,0.52,0.88,138,3484,3208,86,5,163,1,5,16,3.81,96.19,88.57,2.37,0.14,4.5,0.03,0.14,0.44,5.548158012
23,1.44217912,4419,1811,4419,7936.0059,0.5568,1811,1756,55,96.96,3.04,3817,170,3,232,2,90,105,86.38,3.85,0.07,5.25,0.05,2.04,2.38,4149,270,93.89,6.11,270,4149,3677,139,3,230,2,13,85,6.11,93.89,83.21,3.15,0.07,5.2,0.05,0.29,1.92,3437,3020,118,3,173,2,73,48,87.87,3.43,0.09,5.03,0.06,2.12,1.4,199,3238,2917,98,3,172,2,11,35,5.79,94.21,84.87,2.85,0.09,5,0.06,0.32,1.02,5.204797465
28,2.27288784,4637,2196,4637,5709.9864,0.8771,2196,2102,94,95.72,4.28,3858,207,4,389,3,102,74,83.2,4.46,0.09,8.39,0.06,2.2,1.6,4337,300,93.53,6.47,300,4337,3695,177,2,389,2,18,54,6.47,93.53,79.69,3.82,0.04,8.39,0.04,0.39,1.16,3777,3201,156,4,295,2,77,42,84.75,4.13,0.11,7.81,0.05,2.04,1.11,219,3558,3081,139,2,295,1,13,27,5.8,94.2,81.57,3.68,0.05,7.81,0.03,0.34,0.71,6.038386888
13,1.63788381,2901,1322,2901,4688.3388,0.6328,1322,1258,64,95.16,4.84,2226,232,3,232,1,154,53,76.73,8,0.1,8,0.03,5.31,1.83,2552,349,87.97,12.03,349,2552,2054,204,1,231,1,18,43,12.03,87.97,70.8,7.03,0.03,7.96,0.03,0.62,1.48,2425,1907,192,3,164,1,120,38,78.64,7.92,0.12,6.76,0.04,4.95,1.57,256,2169,1788,170,1,163,1,14,32,10.56,89.44,73.73,7.01,0.04,6.72,0.04,0.58,1.32,4.481213375
39,1.05466036,5107,2192,5107,12611.8621,0.4069,2192,2112,80,96.35,3.65,1931,2230,18,256,0,473,199,37.81,43.67,0.35,5.01,0,9.26,3.9,4047,1060,79.24,20.76,1060,4047,1594,2063,8,256,0,23,103,20.76,79.24,31.21,40.4,0.16,5.01,0,0.45,2.02,3570,1631,1353,16,186,0,296,88,45.69,37.9,0.45,5.21,0,8.29,2.46,634,2936,1419,1264,7,186,0,13,47,17.76,82.24,39.75,35.41,0.2,5.21,0,0.36,1.32,7.636577247
12,2.15538497,4401,1654,4401,5479.8973,0.8321,1654,1548,106,93.59,6.41,1948,1808,8,91,4,377,165,44.26,41.08,0.18,2.07,0.09,8.57,3.75,3646,755,82.84,17.16,755,3646,1699,1717,4,88,1,38,99,17.16,82.84,38.6,39.01,0.09,2,0.02,0.86,2.25,3273,1620,1239,7,77,4,231,95,49.5,37.86,0.21,2.35,0.12,7.06,2.9,503,2770,1439,1173,3,75,1,24,55,15.37,84.63,43.97,35.84,0.09,2.29,0.03,0.73,1.68,2.726653033
34,1.0109093,3675,1324,3675,9415.4923,0.3903,1324,1274,50,96.22,3.78,1659,1336,13,67,2,431,167,45.14,36.35,0.35,1.82,0.05,11.73,4.54,2720,955,74.01,25.99,955,2720,1305,1232,3,56,2,32,90,25.99,74.01,35.51,33.52,0.08,1.52,0.05,0.87,2.45,2819,1421,960,7,54,2,286,89,50.41,34.05,0.25,1.92,0.07,10.15,3.16,656,2163,1155,890,1,47,2,20,48,23.27,76.73,40.97,31.57,0.04,1.67,0.07,0.71,1.7,9.25170068
22,0.28296827,1901,898,1901,17593.5937,0.1091,898,791,107,88.08,11.92,457,1004,14,31,0,284,111,24.04,52.81,0.74,1.63,0,14.94,5.84,1306,595,68.7,31.3,595,1306,278,930,7,30,0,13,48,31.3,68.7,14.62,48.92,0.37,1.58,0,0.68,2.52,1360,379,692,9,30,0,194,56,27.87,50.88,0.66,2.21,0,14.26,4.12,389,971,261,651,4,29,0,7,19,28.6,71.4,19.19,47.87,0.29,2.13,0,0.51,1.4,11.57285639
23,0.62736006,2531,1051,2531,10448.9601,0.2422,1051,977,74,92.96,7.04,1162,962,16,58,0,215,118,45.91,38.01,0.63,2.29,0,8.49,4.66,1913,618,75.58,24.42,618,1913,891,898,12,56,0,16,40,24.42,75.58,35.2,35.48,0.47,2.21,0,0.63,1.58,1979,985,708,12,40,0,156,78,49.77,35.78,0.61,2.02,0,7.88,3.94,446,1533,796,662,8,38,0,5,24,22.54,77.46,40.22,33.45,0.4,1.92,0,0.25,1.21,9.087317266
2,1.41536782,2072,935,2072,4037.749,0.5462,935,861,74,92.09,7.91,1082,651,10,51,0,196,82,52.22,31.42,0.48,2.46,0,9.46,3.96,1731,341,83.54,16.46,341,1731,978,607,7,51,0,39,49,16.46,83.54,47.2,29.3,0.34,2.46,0,1.88,2.36,1603,918,455,7,32,0,143,48,57.27,28.38,0.44,2,0,8.92,2.99,231,1372,850,426,4,32,0,34,26,14.41,85.59,53.03,26.58,0.25,2,0,2.12,1.62,0.9652509653
19,1.55580812,5600,2081,5600,9426.0953,0.6011,2081,1952,129,93.8,6.2,2768,1938,28,118,8,505,235,49.43,34.61,0.5,2.11,0.14,9.02,4.2,4465,1135,79.73,20.27,1135,4465,2400,1784,10,117,3,38,113,20.27,79.73,42.86,31.86,0.18,2.09,0.05,0.68,2.02,4229,2263,1393,19,90,6,326,132,53.51,32.94,0.45,2.13,0.14,7.71,3.12,700,3529,2038,1305,7,89,1,22,67,16.55,83.45,48.19,30.86,0.17,2.1,0.02,0.52,1.58,3.392857143
168,1.58884631,6382,2525,6382,10682.2541,0.6134,2525,2353,172,93.19,6.81,1667,3667,27,85,4,681,251,26.12,57.46,0.42,1.33,0.06,10.67,3.93,4908,1474,76.9,23.1,1474,4908,1184,3448,19,85,0,54,118,23.1,76.9,18.55,54.03,0.3,1.33,0,0.85,1.85,4913,1426,2759,17,72,4,475,160,29.03,56.16,0.35,1.47,0.08,9.67,3.26,1043,3870,1068,2613,12,72,0,30,75,21.23,78.77,21.74,53.19,0.24,1.47,0,0.61,1.53,26.32403635
106,1.89087291,7650,2906,7650,10549.4898,0.7302,2906,2743,163,94.39,5.61,1028,5683,58,73,4,520,284,13.44,74.29,0.76,0.95,0.05,6.8,3.71,6421,1229,83.93,16.07,1229,6421,666,5425,30,71,4,45,180,16.07,83.93,8.71,70.92,0.39,0.93,0.05,0.59,2.35,5905,857,4388,40,58,2,366,194,14.51,74.31,0.68,0.98,0.03,6.2,3.29,830,5075,606,4227,21,57,2,33,129,14.06,85.94,10.26,71.58,0.36,0.97,0.03,0.56,2.18,13.85620915
0,8.68008189,535,0,535,434.2009,3.3511,0,0,0,0,0,210,217,2,8,1,79,18,39.25,40.56,0.37,1.5,0.19,14.77,3.36,401,134,74.95,25.05,134,401,165,204,2,8,1,13,8,25.05,74.95,30.84,38.13,0.37,1.5,0.19,2.43,1.5,530,208,217,2,7,1,78,17,39.25,40.94,0.38,1.32,0.19,14.72,3.21,130,400,165,204,2,7,1,13,8,24.53,75.47,31.13,38.49,0.38,1.32,0.19,2.45,1.51,0
13,2.1035305,338,2,338,421.6868,0.8125,2,2,0,100,0,190,115,2,10,0,14,7,56.21,34.02,0.59,2.96,0,4.14,2.07,270,68,79.88,20.12,68,270,147,107,2,10,0,0,4,20.12,79.88,43.49,31.66,0.59,2.96,0,0,1.18,334,189,113,2,9,0,14,7,56.59,33.83,0.6,2.69,0,4.19,2.1,67,267,147,105,2,9,0,0,4,20.06,79.94,44.01,31.44,0.6,2.69,0,0,1.2,38.46153846
0,2.94099396,6,5,6,5.381,1.135,5,4,1,80,20,5,0,0,0,1,0,0,83.33,0,0,0,16.67,0,0,6,0,100,0,0,6,5,0,0,0,1,0,0,0,100,83.33,0,0,0,16.67,0,0,6,5,0,0,0,1,0,0,83.33,0,0,0,16.67,0,0,0,6,5,0,0,0,1,0,0,0,100,83.33,0,0,0,16.67,0,0,0
13,1.13101332,22,5,22,50.592,0.4369,5,5,0,100,0,3,14,0,0,0,0,5,13.64,63.64,0,0,0,0,22.73,22,0,100,0,0,22,3,14,0,0,0,0,5,0,100,13.64,63.64,0,0,0,0,22.73,14,3,7,0,0,0,0,4,21.43,50,0,0,0,0,28.57,0,14,3,7,0,0,0,0,4,0,100,21.43,50,0,0,0,0,28.57,590.9090909
12,2.73270068,418,136,418,398.9569,1.0547,136,85,51,62.5,37.5,129,246,0,14,0,22,7,30.86,58.85,0,3.35,0,5.26,1.67,333,85,79.67,20.33,85,333,84,228,0,13,0,2,6,20.33,79.67,20.1,54.55,0,3.11,0,0.48,1.44,323,119,168,0,11,0,21,4,36.84,52.01,0,3.41,0,6.5,1.24,73,250,80,154,0,10,0,2,4,22.6,77.4,24.77,47.68,0,3.1,0,0.62,1.24,28.70813397
9,2.11497821,0,0,0,0,0.8167,0,0,0,0,0,0,0,0,0,0,0,0,0,0,0,0,0,0,0,0,0,0,0,0,0,0,0,0,0,0,0,0,0,0,0,0,0,0,0,0,0,0,0,0,0,0,0,0,0,0,0,0,0,0,0,0,0,0,0,0,0,0,0,0,0,0,0,0,0,0,0,0,0,0,0
10,2.52880712,207,0,207,336.1575,0.9768,0,0,0,0,0,184,16,0,2,1,3,1,88.89,7.73,0,0.97,0.48,1.45,0.48,170,37,82.13,17.87,37,170,155,11,0,2,1,0,1,17.87,82.13,74.88,5.31,0,0.97,0.48,0,0.48,207,184,16,0,2,1,3,1,88.89,7.73,0,0.97,0.48,1.45,0.48,37,170,155,11,0,2,1,0,1,17.87,82.13,74.88,5.31,0,0.97,0.48,0,0.48,48.30917874
15,9.17235702,389,245,389,140.767,3.5414,245,236,9,96.33,3.67,315,13,4,31,1,10,15,80.98,3.34,1.03,7.97,0.26,2.57,3.86,318,71,81.75,18.25,71,318,258,13,4,29,0,0,14,18.25,81.75,66.32,3.34,1.03,7.46,0,0,3.6,353,286,12,1,31,1,9,13,81.02,3.4,0.28,8.78,0.28,2.55,3.68,54,299,245,12,1,29,0,0,12,15.3,84.7,69.41,3.4,0.28,8.22,0,0,3.4,38.56041131
3,2.09423254,12,0,12,33.9508,0.8085,0,0,0,0,0,8,3,0,1,0,0,0,66.67,25,0,8.33,0,0,0,11,1,91.67,8.33,1,11,7,3,0,1,0,0,0,8.33,91.67,58.33,25,0,8.33,0,0,0,12,8,3,0,1,0,0,0,66.67,25,0,8.33,0,0,0,1,11,7,3,0,1,0,0,0,8.33,91.67,58.33,25,0,8.33,0,0,0,250
2,1.2797482,9,3,9,18.6144,0.4945,3,3,0,100,0,9,0,0,0,0,0,0,100,0,0,0,0,0,0,7,2,77.78,22.22,2,7,7,0,0,0,0,0,0,22.22,77.78,77.78,0,0,0,0,0,0,8,8,0,0,0,0,0,0,100,0,0,0,0,0,0,2,6,6,0,0,0,0,0,0,25,75,75,0,0,0,0,0,0,222.2222222
0,0.74585566,0,0,0,0,0.2876,0,0,0,0,0,0,0,0,0,0,0,0,0,0,0,0,0,0,0,0,0,0,0,0,0,0,0,0,0,0,0,0,0,0,0,0,0,0,0,0,0,0,0,0,0,0,0,0,0,0,0,0,0,0,0,0,0,0,0,0,0,0,0,0,0,0,0,0,0,0,0,0,0,0,0
23,0.3297511,0,0,0,0,0.1275,0,0,0,0,0,0,0,0,0,0,0,0,0,0,0,0,0,0,0,0,0,0,0,0,0,0,0,0,0,0,0,0,0,0,0,0,0,0,0,0,0,0,0,0,0,0,0,0,0,0,0,0,0,0,0,0,0,0,0,0,0,0,0,0,0,0,0,0,0,0,0,0,0,0,0
29,1.09692031,82,49,82,301.9862,0.4235,49,46,3,93.88,6.12,73,5,0,3,0,0,1,89.02,6.1,0,3.66,0,0,1.22,79,3,96.34,3.66,3,79,71,5,0,3,0,0,0,3.66,96.34,86.59,6.1,0,3.66,0,0,0,75,67,4,0,3,0,0,1,89.33,5.33,0,4,0,0,1.33,3,72,65,4,0,3,0,0,0,4,96,86.67,5.33,0,4,0,0,0,353.6585366
0,134.5892119,0,0,0,0,51.966,0,0,0,0,0,0,0,0,0,0,0,0,0,0,0,0,0,0,0,0,0,0,0,0,0,0,0,0,0,0,0,0,0,0,0,0,0,0,0,0,0,0,0,0,0,0,0,0,0,0,0,0,0,0,0,0,0,0,0,0,0,0,0,0,0,0,0,0,0,0,0,0,0,0,0